embedding,embedding_window,method,split,mode,context_budget,k,n_queries,hit_count,hit_rate,gold_text_coverage,mean_context_tokens,p95_context_tokens,mean_coverage_efficiency
Qwen3-0.6B,2048,dense,dev,child,,5,20,11,0.55,0.55,1626.25,2140.95,0.000319573388845614
Qwen3-0.6B,2048,dense,dev,child,,10,20,12,0.6,0.6,3260.65,4204.450000000001,0.0001815341565509988
Qwen3-0.6B,2048,dense,dev,child,2048,5,20,11,0.55,0.55,1611.75,2048.0,0.000321617824117233
Qwen3-0.6B,2048,dense,dev,child,2048,10,20,11,0.55,0.55,2048,2048.0,0.0002685546875
Qwen3-0.6B,2048,dense,dev,parent,,5,20,6,0.3,0.3,2164.65,3584.0000000000005,0.00014952761148746702
Qwen3-0.6B,2048,dense,dev,parent,,10,20,8,0.4,0.4,4186.05,7156.950000000001,0.00010434727676043223
Qwen3-0.6B,2048,dense,dev,parent,2048,5,20,6,0.3,0.3,1804.9,2048.0,0.00016482642024878488
Qwen3-0.6B,2048,dense,dev,parent,2048,10,20,8,0.4,0.4,2043,2048.0,0.00019656578862936345
Qwen3-0.6B,2048,dense,dev,child_to_parent,,5,20,11,0.55,0.55,3825.5,6268.050000000001,0.0001479133993401629
Qwen3-0.6B,2048,dense,dev,child_to_parent,,10,20,13,0.65,0.65,6817.2,11453.6,0.00010036759166292292
Qwen3-0.6B,2048,dense,dev,child_to_parent,2048,5,20,4,0.2,0.25166997354497356,2010.9,2048.0,0.00012288572927000662
Qwen3-0.6B,2048,dense,dev,child_to_parent,2048,10,20,4,0.2,0.25166997354497356,2048,2048.0,0.00012288572927000662
Qwen3-0.6B,2048,dense,dev,child_to_selected_siblings,,5,20,11,0.55,0.55,2515.05,3922.9500000000003,0.00022646447116650501
Qwen3-0.6B,2048,dense,dev,child_to_selected_siblings,,10,20,13,0.65,0.65,4778.45,6570.7,0.00014607304886643519
Qwen3-0.6B,2048,dense,dev,child_to_selected_siblings,2048,5,20,10,0.5,0.5,1907.05,2045.15,0.0002589097311099455
Qwen3-0.6B,2048,dense,dev,child_to_selected_siblings,2048,10,20,10,0.5,0.5,1981.05,2045.15,0.00025528059031425135
Qwen3-0.6B,2048,hybrid,dev,child,,5,20,10,0.5,0.5,1859.1,2302.75,0.0002491069353640861
Qwen3-0.6B,2048,hybrid,dev,child,,10,20,11,0.55,0.55,3778.55,4432.150000000001,0.00013796849551570437
Qwen3-0.6B,2048,hybrid,dev,child,2048,5,20,10,0.5,0.5,1813.7,2048.0,0.00025840887394724824
Qwen3-0.6B,2048,hybrid,dev,child,2048,10,20,10,0.5,0.5379365079365079,2048,2048.0,0.000262664310515873
Qwen3-0.6B,2048,hybrid,dev,parent,,5,20,8,0.4,0.4,4385.25,7055.200000000004,9.526823881676715e-05
Qwen3-0.6B,2048,hybrid,dev,parent,,10,20,13,0.65,0.65,10017.4,17361.900000000005,6.720526664469662e-05
Qwen3-0.6B,2048,hybrid,dev,parent,2048,5,20,6,0.3,0.3,2024.55,2048.0,0.000146484375
Qwen3-0.6B,2048,hybrid,dev,parent,2048,10,20,6,0.3,0.3,2048,2048.0,0.000146484375
Qwen3-0.6B,2048,hybrid,dev,child_to_parent,,5,20,10,0.5,0.5,6046.5,10634.150000000003,9.808890712164513e-05
Qwen3-0.6B,2048,hybrid,dev,child_to_parent,,10,20,12,0.6,0.6,10771.25,19873.100000000002,6.147774601712233e-05
Qwen3-0.6B,2048,hybrid,dev,child_to_parent,2048,5,20,6,0.3,0.3,1991.15,2048.0,0.000146484375
Qwen3-0.6B,2048,hybrid,dev,child_to_parent,2048,10,20,6,0.3,0.3,2048,2048.0,0.000146484375
Qwen3-0.6B,2048,hybrid,dev,child_to_selected_siblings,,5,20,10,0.5,0.5,3193.85,5322.7,0.00016224279360694307
Qwen3-0.6B,2048,hybrid,dev,child_to_selected_siblings,,10,20,11,0.55,0.55,5996.4,9025.55,9.061397207676997e-05
Qwen3-0.6B,2048,hybrid,dev,child_to_selected_siblings,2048,5,20,10,0.5,0.5,1886.35,2042.05,0.0002645027766047729
Qwen3-0.6B,2048,hybrid,dev,child_to_selected_siblings,2048,10,20,10,0.5,0.5,1990.2,2043.15,0.000249447539928585
Qwen3-0.6B,4096,dense,dev,child,,5,20,11,0.55,0.55,1626.25,2140.95,0.000319573388845614
Qwen3-0.6B,4096,dense,dev,child,,10,20,12,0.6,0.6,3260.65,4204.450000000001,0.0001815341565509988
Qwen3-0.6B,4096,dense,dev,child,2048,5,20,11,0.55,0.55,1611.75,2048.0,0.000321617824117233
Qwen3-0.6B,4096,dense,dev,child,2048,10,20,11,0.55,0.55,2048,2048.0,0.0002685546875
Qwen3-0.6B,4096,dense,dev,parent,,5,20,8,0.4,0.4,3031.45,5666.8,0.00015066161924762625
Qwen3-0.6B,4096,dense,dev,parent,,10,20,11,0.55,0.55,5921.4,9894.5,0.00010721649946546275
Qwen3-0.6B,4096,dense,dev,parent,2048,5,20,8,0.4,0.4,1899,2048.0,0.00019838606806624518
Qwen3-0.6B,4096,dense,dev,parent,2048,10,20,9,0.45,0.45,2043,2048.0,0.00022097985112936344
Qwen3-0.6B,4096,dense,dev,child_to_parent,,5,20,11,0.55,0.55,3825.5,6268.050000000001,0.0001479133993401629
Qwen3-0.6B,4096,dense,dev,child_to_parent,,10,20,13,0.65,0.65,6817.2,11453.6,0.00010036759166292292
Qwen3-0.6B,4096,dense,dev,child_to_parent,2048,5,20,4,0.2,0.25166997354497356,2010.9,2048.0,0.00012288572927000662
Qwen3-0.6B,4096,dense,dev,child_to_parent,2048,10,20,4,0.2,0.25166997354497356,2048,2048.0,0.00012288572927000662
Qwen3-0.6B,4096,dense,dev,child_to_selected_siblings,,5,20,11,0.55,0.55,2515.05,3922.9500000000003,0.00022646447116650501
Qwen3-0.6B,4096,dense,dev,child_to_selected_siblings,,10,20,13,0.65,0.65,4778.45,6570.7,0.00014607304886643519
Qwen3-0.6B,4096,dense,dev,child_to_selected_siblings,2048,5,20,10,0.5,0.5,1907.05,2045.15,0.0002589097311099455
Qwen3-0.6B,4096,dense,dev,child_to_selected_siblings,2048,10,20,10,0.5,0.5,1981.05,2045.15,0.00025528059031425135
Qwen3-0.6B,4096,hybrid,dev,child,,5,20,10,0.5,0.5,1859.1,2302.75,0.0002491069353640861
Qwen3-0.6B,4096,hybrid,dev,child,,10,20,11,0.55,0.55,3778.55,4432.150000000001,0.00013796849551570437
Qwen3-0.6B,4096,hybrid,dev,child,2048,5,20,10,0.5,0.5,1813.7,2048.0,0.00025840887394724824
Qwen3-0.6B,4096,hybrid,dev,child,2048,10,20,10,0.5,0.5379365079365079,2048,2048.0,0.000262664310515873
Qwen3-0.6B,4096,hybrid,dev,parent,,5,20,10,0.5,0.5,6270.35,9269.650000000003,7.411559583194829e-05
Qwen3-0.6B,4096,hybrid,dev,parent,,10,20,13,0.65,0.65,11516.9,16905.900000000005,5.5776157378799936e-05
Qwen3-0.6B,4096,hybrid,dev,parent,2048,5,20,8,0.4,0.4,2024.55,2048.0,0.0001953125
Qwen3-0.6B,4096,hybrid,dev,parent,2048,10,20,8,0.4,0.4,2048,2048.0,0.0001953125
Qwen3-0.6B,4096,hybrid,dev,child_to_parent,,5,20,10,0.5,0.5,6046.5,10634.150000000003,9.808890712164513e-05
Qwen3-0.6B,4096,hybrid,dev,child_to_parent,,10,20,12,0.6,0.6,10771.25,19873.100000000002,6.147774601712233e-05
Qwen3-0.6B,4096,hybrid,dev,child_to_parent,2048,5,20,6,0.3,0.3,1991.15,2048.0,0.000146484375
Qwen3-0.6B,4096,hybrid,dev,child_to_parent,2048,10,20,6,0.3,0.3,2048,2048.0,0.000146484375
Qwen3-0.6B,4096,hybrid,dev,child_to_selected_siblings,,5,20,10,0.5,0.5,3193.85,5322.7,0.00016224279360694307
Qwen3-0.6B,4096,hybrid,dev,child_to_selected_siblings,,10,20,11,0.55,0.55,5996.4,9025.55,9.061397207676997e-05
Qwen3-0.6B,4096,hybrid,dev,child_to_selected_siblings,2048,5,20,10,0.5,0.5,1886.35,2042.05,0.0002645027766047729
Qwen3-0.6B,4096,hybrid,dev,child_to_selected_siblings,2048,10,20,10,0.5,0.5,1990.2,2043.15,0.000249447539928585
Qwen3-0.6B,8192,dense,dev,child,,5,20,11,0.55,0.55,1626.25,2140.95,0.000319573388845614
Qwen3-0.6B,8192,dense,dev,child,,10,20,12,0.6,0.6,3260.65,4204.450000000001,0.0001815341565509988
Qwen3-0.6B,8192,dense,dev,child,2048,5,20,11,0.55,0.55,1611.75,2048.0,0.000321617824117233
Qwen3-0.6B,8192,dense,dev,child,2048,10,20,11,0.55,0.55,2048,2048.0,0.0002685546875
Qwen3-0.6B,8192,dense,dev,parent,,5,20,9,0.45,0.45,3420,8149.950000000001,0.00015638375245888742
Qwen3-0.6B,8192,dense,dev,parent,,10,20,12,0.6,0.6,6401.25,11281.900000000001,0.00010963946370070903
Qwen3-0.6B,8192,dense,dev,parent,2048,5,20,8,0.4,0.4,1899,2048.0,0.00019838606806624518
Qwen3-0.6B,8192,dense,dev,parent,2048,10,20,9,0.45,0.45,2043,2048.0,0.00022097985112936344
Qwen3-0.6B,8192,dense,dev,child_to_parent,,5,20,11,0.55,0.55,3825.5,6268.050000000001,0.0001479133993401629
Qwen3-0.6B,8192,dense,dev,child_to_parent,,10,20,13,0.65,0.65,6817.2,11453.6,0.00010036759166292292
Qwen3-0.6B,8192,dense,dev,child_to_parent,2048,5,20,4,0.2,0.25166997354497356,2010.9,2048.0,0.00012288572927000662
Qwen3-0.6B,8192,dense,dev,child_to_parent,2048,10,20,4,0.2,0.25166997354497356,2048,2048.0,0.00012288572927000662
Qwen3-0.6B,8192,dense,dev,child_to_selected_siblings,,5,20,11,0.55,0.55,2515.05,3922.9500000000003,0.00022646447116650501
Qwen3-0.6B,8192,dense,dev,child_to_selected_siblings,,10,20,13,0.65,0.65,4778.45,6570.7,0.00014607304886643519
Qwen3-0.6B,8192,dense,dev,child_to_selected_siblings,2048,5,20,10,0.5,0.5,1907.05,2045.15,0.0002589097311099455
Qwen3-0.6B,8192,dense,dev,child_to_selected_siblings,2048,10,20,10,0.5,0.5,1981.05,2045.15,0.00025528059031425135
Qwen3-0.6B,8192,hybrid,dev,child,,5,20,10,0.5,0.5,1859.1,2302.75,0.0002491069353640861
Qwen3-0.6B,8192,hybrid,dev,child,,10,20,11,0.55,0.55,3778.55,4432.150000000001,0.00013796849551570437
Qwen3-0.6B,8192,hybrid,dev,child,2048,5,20,10,0.5,0.5,1813.7,2048.0,0.00025840887394724824
Qwen3-0.6B,8192,hybrid,dev,child,2048,10,20,10,0.5,0.5379365079365079,2048,2048.0,0.000262664310515873
Qwen3-0.6B,8192,hybrid,dev,parent,,5,20,11,0.55,0.55,6930.15,11863.150000000001,7.382598238722453e-05
Qwen3-0.6B,8192,hybrid,dev,parent,,10,20,14,0.7,0.7,12360.45,20945.300000000003,5.587566855994754e-05
Qwen3-0.6B,8192,hybrid,dev,parent,2048,5,20,8,0.4,0.4,2024.55,2048.0,0.0001953125
Qwen3-0.6B,8192,hybrid,dev,parent,2048,10,20,8,0.4,0.4,2048,2048.0,0.0001953125
Qwen3-0.6B,8192,hybrid,dev,child_to_parent,,5,20,10,0.5,0.5,6046.5,10634.150000000003,9.808890712164513e-05
Qwen3-0.6B,8192,hybrid,dev,child_to_parent,,10,20,12,0.6,0.6,10771.25,19873.100000000002,6.147774601712233e-05
Qwen3-0.6B,8192,hybrid,dev,child_to_parent,2048,5,20,6,0.3,0.3,1991.15,2048.0,0.000146484375
Qwen3-0.6B,8192,hybrid,dev,child_to_parent,2048,10,20,6,0.3,0.3,2048,2048.0,0.000146484375
Qwen3-0.6B,8192,hybrid,dev,child_to_selected_siblings,,5,20,10,0.5,0.5,3193.85,5322.7,0.00016224279360694307
Qwen3-0.6B,8192,hybrid,dev,child_to_selected_siblings,,10,20,11,0.55,0.55,5996.4,9025.55,9.061397207676997e-05
Qwen3-0.6B,8192,hybrid,dev,child_to_selected_siblings,2048,5,20,10,0.5,0.5,1886.35,2042.05,0.0002645027766047729
Qwen3-0.6B,8192,hybrid,dev,child_to_selected_siblings,2048,10,20,10,0.5,0.5,1990.2,2043.15,0.000249447539928585
Qwen3-0.6B,16384,dense,dev,child,,5,20,11,0.55,0.55,1626.25,2140.95,0.000319573388845614
Qwen3-0.6B,16384,dense,dev,child,,10,20,12,0.6,0.6,3260.65,4204.450000000001,0.0001815341565509988
Qwen3-0.6B,16384,dense,dev,child,2048,5,20,11,0.55,0.55,1611.75,2048.0,0.000321617824117233
Qwen3-0.6B,16384,dense,dev,child,2048,10,20,11,0.55,0.55,2048,2048.0,0.0002685546875
Qwen3-0.6B,16384,dense,dev,parent,,5,20,9,0.45,0.45,3420,8149.950000000001,0.00015638375245888742
Qwen3-0.6B,16384,dense,dev,parent,,10,20,12,0.6,0.6,6401.25,11281.900000000001,0.00010963946370070903
Qwen3-0.6B,16384,dense,dev,parent,2048,5,20,8,0.4,0.4,1899,2048.0,0.00019838606806624518
Qwen3-0.6B,16384,dense,dev,parent,2048,10,20,9,0.45,0.45,2043,2048.0,0.00022097985112936344
Qwen3-0.6B,16384,dense,dev,child_to_parent,,5,20,11,0.55,0.55,3825.5,6268.050000000001,0.0001479133993401629
Qwen3-0.6B,16384,dense,dev,child_to_parent,,10,20,13,0.65,0.65,6817.2,11453.6,0.00010036759166292292
Qwen3-0.6B,16384,dense,dev,child_to_parent,2048,5,20,4,0.2,0.25166997354497356,2010.9,2048.0,0.00012288572927000662
Qwen3-0.6B,16384,dense,dev,child_to_parent,2048,10,20,4,0.2,0.25166997354497356,2048,2048.0,0.00012288572927000662
Qwen3-0.6B,16384,dense,dev,child_to_selected_siblings,,5,20,11,0.55,0.55,2515.05,3922.9500000000003,0.00022646447116650501
Qwen3-0.6B,16384,dense,dev,child_to_selected_siblings,,10,20,13,0.65,0.65,4778.45,6570.7,0.00014607304886643519
Qwen3-0.6B,16384,dense,dev,child_to_selected_siblings,2048,5,20,10,0.5,0.5,1907.05,2045.15,0.0002589097311099455
Qwen3-0.6B,16384,dense,dev,child_to_selected_siblings,2048,10,20,10,0.5,0.5,1981.05,2045.15,0.00025528059031425135
Qwen3-0.6B,16384,hybrid,dev,child,,5,20,10,0.5,0.5,1859.1,2302.75,0.0002491069353640861
Qwen3-0.6B,16384,hybrid,dev,child,,10,20,11,0.55,0.55,3778.55,4432.150000000001,0.00013796849551570437
Qwen3-0.6B,16384,hybrid,dev,child,2048,5,20,10,0.5,0.5,1813.7,2048.0,0.00025840887394724824
Qwen3-0.6B,16384,hybrid,dev,child,2048,10,20,10,0.5,0.5379365079365079,2048,2048.0,0.000262664310515873
Qwen3-0.6B,16384,hybrid,dev,parent,,5,20,11,0.55,0.55,7542.55,12780.750000000004,7.382598238722453e-05
Qwen3-0.6B,16384,hybrid,dev,parent,,10,20,14,0.7,0.7,12968.6,21369.95,5.587566855994754e-05
Qwen3-0.6B,16384,hybrid,dev,parent,2048,5,20,8,0.4,0.4,2024.55,2048.0,0.0001953125
Qwen3-0.6B,16384,hybrid,dev,parent,2048,10,20,8,0.4,0.4,2048,2048.0,0.0001953125
Qwen3-0.6B,16384,hybrid,dev,child_to_parent,,5,20,10,0.5,0.5,6046.5,10634.150000000003,9.808890712164513e-05
Qwen3-0.6B,16384,hybrid,dev,child_to_parent,,10,20,12,0.6,0.6,10771.25,19873.100000000002,6.147774601712233e-05
Qwen3-0.6B,16384,hybrid,dev,child_to_parent,2048,5,20,6,0.3,0.3,1991.15,2048.0,0.000146484375
Qwen3-0.6B,16384,hybrid,dev,child_to_parent,2048,10,20,6,0.3,0.3,2048,2048.0,0.000146484375
Qwen3-0.6B,16384,hybrid,dev,child_to_selected_siblings,,5,20,10,0.5,0.5,3193.85,5322.7,0.00016224279360694307
Qwen3-0.6B,16384,hybrid,dev,child_to_selected_siblings,,10,20,11,0.55,0.55,5996.4,9025.55,9.061397207676997e-05
Qwen3-0.6B,16384,hybrid,dev,child_to_selected_siblings,2048,5,20,10,0.5,0.5,1886.35,2042.05,0.0002645027766047729
Qwen3-0.6B,16384,hybrid,dev,child_to_selected_siblings,2048,10,20,10,0.5,0.5,1990.2,2043.15,0.000249447539928585
