family,left_embedding,left_window,left_method,left_mode,right_embedding,right_window,right_method,right_mode,context_budget,k,n_queries,left_hit_count,right_hit_count,hit_rate_difference,left_wins,left_losses,ties,exact_mcnemar_p
hierarchy_vs_child,MiniLM,256,dense,parent,MiniLM,256,dense,child,,10,80,37,28,0.1125,14,5,61,0.063568115234375
hierarchy_vs_child,MiniLM,256,dense,child_to_parent,MiniLM,256,dense,child,,10,80,39,28,0.1375,11,0,69,0.0009765625
hierarchy_vs_child,MiniLM,256,dense,child_to_selected_siblings,MiniLM,256,dense,child,,10,80,34,28,0.075,6,0,74,0.03125
hierarchy_vs_child,MiniLM,256,dense,parent,MiniLM,256,dense,child,2048,10,80,21,24,-0.0375,4,7,69,0.548828125
hierarchy_vs_child,MiniLM,256,dense,child_to_parent,MiniLM,256,dense,child,2048,10,80,20,24,-0.05,7,11,62,0.480682373046875
hierarchy_vs_child,MiniLM,256,dense,child_to_selected_siblings,MiniLM,256,dense,child,2048,10,80,24,24,0.0,3,3,74,1.0
hierarchy_vs_child,MiniLM,256,hybrid,parent,MiniLM,256,hybrid,child,,10,80,49,33,0.2,17,1,62,0.00014495849609375
hierarchy_vs_child,MiniLM,256,hybrid,child_to_parent,MiniLM,256,hybrid,child,,10,80,40,33,0.0875,7,0,73,0.015625
hierarchy_vs_child,MiniLM,256,hybrid,child_to_selected_siblings,MiniLM,256,hybrid,child,,10,80,35,33,0.025,2,0,78,0.5
hierarchy_vs_child,MiniLM,256,hybrid,parent,MiniLM,256,hybrid,child,2048,10,80,22,23,-0.0125,5,6,69,1.0
hierarchy_vs_child,MiniLM,256,hybrid,child_to_parent,MiniLM,256,hybrid,child,2048,10,80,20,23,-0.0375,1,4,75,0.375
hierarchy_vs_child,MiniLM,256,hybrid,child_to_selected_siblings,MiniLM,256,hybrid,child,2048,10,80,24,23,0.0125,2,1,77,1.0
hierarchy_vs_child,none,0,bm25,parent,none,0,bm25,child,,10,80,37,29,0.1,10,2,68,0.03857421875
hierarchy_vs_child,none,0,bm25,child_to_parent,none,0,bm25,child,,10,80,32,29,0.0375,3,0,77,0.25
hierarchy_vs_child,none,0,bm25,child_to_selected_siblings,none,0,bm25,child,,10,80,30,29,0.0125,1,0,79,1.0
hierarchy_vs_child,none,0,bm25,parent,none,0,bm25,child,2048,10,80,21,22,-0.0125,7,8,65,1.0
hierarchy_vs_child,none,0,bm25,child_to_parent,none,0,bm25,child,2048,10,80,21,22,-0.0125,2,3,75,1.0
hierarchy_vs_child,none,0,bm25,child_to_selected_siblings,none,0,bm25,child,2048,10,80,23,22,0.0125,2,1,77,1.0
