query_id,question,hyde_text,generator_model,generator_revision,prompt_style,generation_ms_per_query
1,"Bob and Ted are close friends. Ted is on trial for drug offences, and Bob has been selected as a juror in Ted’s case. Is the judge required to excuse Bob from serving on the jury?",The judge must excuse Bob from serving on the jury.,google/flan-t5-base,7bcac572ce56db69c1ea7c8af255c5d7c9672fc2,concise_legal,242.1730401700006
2,"Harry is serving as a juror in a burglary trial. He is also a professional locksmith. During the proceedings, Harry is shown a lock which, in his expert view, is too damaged to have been lockpicked in the manner described in court. Why might Harry's expert knowledge of lockpicking be irrelevant when assessing the physical evidence?",Harry is a professional locksmith and is unable to prove that a lock is defective.,google/flan-t5-base,7bcac572ce56db69c1ea7c8af255c5d7c9672fc2,concise_legal,242.1730401700006
3,"Isaac is on trial for statutory murder of an emergency worker. You are his barrister. Should you notify the jury that, according to the Crimes Act 1958, the standard sentence for this offence is 30 years imprisonment?",The standard sentence for this offence is 30 years imprisonment.,google/flan-t5-base,7bcac572ce56db69c1ea7c8af255c5d7c9672fc2,concise_legal,242.1730401700006
4,Should jurors be excused if they have encountered news stories about the accused prior to the trial commencing?,Jurors are not allowed to be excused for a news story.,google/flan-t5-base,7bcac572ce56db69c1ea7c8af255c5d7c9672fc2,concise_legal,242.1730401700006
5,"Frank and Joe are jurors in an arson trial. Over the weekend, Joe finds photos of the accused holding a petrol canister and texts them to Frank. Having received this new information, what should Frank do?",Joe should not be able to tell the accused that he is guilty of arson.,google/flan-t5-base,7bcac572ce56db69c1ea7c8af255c5d7c9672fc2,concise_legal,242.1730401700006
6,Does the standard of proof of “beyond reasonable doubt” imply that the jury must be fully convinced of every claim the prosecution has made?,The standard of proof of “beyond reasonable doubt” is that the jury must be fully convinced of every claim the prosecution has made.,google/flan-t5-base,7bcac572ce56db69c1ea7c8af255c5d7c9672fc2,concise_legal,242.1730401700006
7,"Sally is accused of cultivating narcotic plants in her backyard. One of the elements of this charge is that “the accused intentionally cultivated or attempted to cultivate a particular substance.” To establish whether this is the case, the judge believes it would be valuable to visit Sally’s backyard and have the jury examine it for themselves. What is the name of the legal procedure whereby the court travels to a location relevant to the charge?",visit,google/flan-t5-base,7bcac572ce56db69c1ea7c8af255c5d7c9672fc2,concise_legal,242.1730401700006
8,"Josh is 21 years old. He witnessed a murder that was clearly perpetrated by the accused. The prosecution, however, needs to determine whether the accused committed the acts voluntarily, thus satisfying the elements of intentional or reckless murder. In court, the judge plays a recording of Josh giving his eyewitness testimony. What is this evidentiary process called?","The prosecution needs to determine whether the accused committed the acts voluntarily, thus satisfying the elements of intentional or reckless murder.",google/flan-t5-base,7bcac572ce56db69c1ea7c8af255c5d7c9672fc2,concise_legal,242.1730401700006
9,"Olivia illegally bought cannabis from a tobacconist. As she left, she saw a man firebomb the store. She is now a witness in the arson trial. What legal privilege should she consider when giving her evidence?",She must be a witness in the arson trial.,google/flan-t5-base,7bcac572ce56db69c1ea7c8af255c5d7c9672fc2,concise_legal,242.1730401700006
10,Emma is found in possession of someone else’s phone but has no documentation of how she obtained it. Emma’s counsel argues that possession of the phone is circumstantial evidence and thus completely inadmissible to establish guilt. Is Emma’s counsel correct?,Emma’s counsel argues that possession of the phone is circumstantial evidence and thus completely inadmissible to establish guilt.,google/flan-t5-base,7bcac572ce56db69c1ea7c8af255c5d7c9672fc2,concise_legal,242.1730401700006
11,"John is on trial for an unnamed offence. John testifies that he could not have committed the offence because he was at an arcade 10 miles away when the offence took place. Earlier, the jury accepted arcade tickets as evidence of John's alibi. John’s counsel now argues that, given this plausible alibi, John could not have committed the crime. What type of reasoning is this an example of?",The jury must accept evidence of John’s alibi.,google/flan-t5-base,7bcac572ce56db69c1ea7c8af255c5d7c9672fc2,concise_legal,242.1730401700006
12,Does Victoria have a law/laws protecting against double jeopardy?,double jeopardy is a crime in Victoria.,google/flan-t5-base,7bcac572ce56db69c1ea7c8af255c5d7c9672fc2,concise_legal,242.1730401700006
13,"Sophie and Hazel are two of twelve jurors in a trial. Both are uncertain of their verdict, while the remaining ten jurors believe the accused is guilty. The jury is becoming frustrated with Sophie and Hazel's indecision, but the judge instructs the jury to continue deliberating. What is this instruction called?",the jury to continue deliberating,google/flan-t5-base,7bcac572ce56db69c1ea7c8af255c5d7c9672fc2,concise_legal,242.1730401700006
14,"Tim is on trial for aggravated burglary. Before Tim gives evidence, his counsel calls another witness to testify first. Why might this be a bad idea for the defence?",Tim is on trial for aggravated burglary.,google/flan-t5-base,7bcac572ce56db69c1ea7c8af255c5d7c9672fc2,concise_legal,242.1730401700006
15,Paul is 12 years old. He is a witness in a trial related to a common law riot. You are counsel for the accused. Should you argue that Paul’s is fundamentally untrustworthy because of his age?,You are counsel for the accused.,google/flan-t5-base,7bcac572ce56db69c1ea7c8af255c5d7c9672fc2,concise_legal,242.1730401700006
16,Can the defence use good character evidence to argue the accused is innocent?,Good character evidence is a form of evidence that can be used to prove innocence.,google/flan-t5-base,7bcac572ce56db69c1ea7c8af255c5d7c9672fc2,concise_legal,242.1730401700006
17,Can the prosecution freely use bad character evidence to argue the accused is guilty?,Bad character evidence is not admissible in court.,google/flan-t5-base,7bcac572ce56db69c1ea7c8af255c5d7c9672fc2,concise_legal,242.1730401700006
18,"Sam is on trial for murdering her neighbour. The prosecution presents a text from Sam to a friend saying, “I murdered my neighbour today.” What must be established for this text to be treated as an admission?",The text must be established as an admission.,google/flan-t5-base,7bcac572ce56db69c1ea7c8af255c5d7c9672fc2,concise_legal,242.1730401700006
19,"Omar is charged with intentionally causing serious injury. In a recorded interview, he admits being at the scene and pushing the complainant but denies using a weapon or intending serious harm. At trial, the prosecution asks the jury to accept the incriminating parts of the interview but treat his denial of using a weapon as lies. Does this necessarily involve ‘consciousness of guilt’ reasoning?",The prosecution asks the jury to accept the incriminating parts of the interview but treat his denial of using a weapon as lies.,google/flan-t5-base,7bcac572ce56db69c1ea7c8af255c5d7c9672fc2,concise_legal,242.1730401700006
20,"Liam is on trial for arson. His sister gives evidence that, at a family dinner, she said, “The police think you set fire to Dad’s shed. You didn’t do it, did you?” Liam, who had been speaking normally, then went silent and looked down. Can this be used as evidence probative of guilt?","The police think Liam set fire to Dad’s shed. You didn’t do it, did you?”.",google/flan-t5-base,7bcac572ce56db69c1ea7c8af255c5d7c9672fc2,concise_legal,242.1730401700006
21,"At Zoe’s assault trial, the prosecution argues that her blank, expressionless stare at photos of the injured complainant indicates guilt. Is this argument sound?","blank, expressionless stare at photos of the injured complainant indicates guilt.",google/flan-t5-base,7bcac572ce56db69c1ea7c8af255c5d7c9672fc2,concise_legal,242.1730401700006
22,The defence raises the issue of mental impairment and bears the onus of proving it. There is a psychiatrist who has examined the accused. Is the prosecution required to call this psychiatrist as a witness?,The defence must call a psychiatrist as a witness.,google/flan-t5-base,7bcac572ce56db69c1ea7c8af255c5d7c9672fc2,concise_legal,242.1730401700006
23,"Sarah is tried for armed robbery. She does not give or call any evidence. In closing, the prosecution avoids mentioning her silence directly but repeatedly stresses that “only the prosecution’s account is supported by evidence.” Is this submission by the prosecution permissible?",The prosecution must give evidence to the defence.,google/flan-t5-base,7bcac572ce56db69c1ea7c8af255c5d7c9672fc2,concise_legal,242.1730401700006
24,"In a criminal trial, defence counsel fails to challenge an important part of a prosecution witness’s evidence and later runs a case theory inconsistent with that evidence. The prosecution complains that this has caused unfairness. As the trial judge, how should you decide what to do about it?","In a criminal trial, defence counsel fails to challenge an important part of a prosecution witness’s evidence and later runs a case theory inconsistent with that evidence. The prosecution complains that this has caused unfairness.",google/flan-t5-base,7bcac572ce56db69c1ea7c8af255c5d7c9672fc2,concise_legal,242.1730401700006
25,"In an armed robbery trial, a shop assistant who has served the accused every week for years is shown still images from CCTV and says, “Based on how he looks, that’s the same customer who comes into my store.” What type of identification evidence is this an example of?",CCTV,google/flan-t5-base,7bcac572ce56db69c1ea7c8af255c5d7c9672fc2,concise_legal,242.1730401700006
26,"One of the elements of aggravated carjacking is the use of a weapon or causing injury to another person (Crimes Act 1958 s 79A). Smith witnesses an aggravated carjacking late at night. He sees the offender wield a weapon but does not get a good look at their face. A year later, he positively identifies the accused, saying he “recognised him immediately from the daytime photo the police showed me last year.” What cognitive bias, about which the jury is educated, may be relevant in this case?",s 79A,google/flan-t5-base,7bcac572ce56db69c1ea7c8af255c5d7c9672fc2,concise_legal,242.1730401700006
27,"You are the trial judge in a child stealing case. During the trial, the prosecutor briefly mentions that the image used for recognising the accused was taken before the accused was detained but gives no further explanation. What are judges instructed to do in this situation?",The image used for recognising the accused was taken before the accused's detention but gives no further explanation.,google/flan-t5-base,7bcac572ce56db69c1ea7c8af255c5d7c9672fc2,concise_legal,242.1730401700006
28,"Harvey is on trial for dangerous driving causing serious injury. Priya, a mechanic with 15 years’ experience, inspects the damaged vehicles and wants to tell the jury that, in her opinion, the pattern of damage shows Harvey was travelling at “at least 110 km/h” before impact. Are Priya’s comments inadmissible because they are opinion evidence?",Priya’s comments are opinion evidence.,google/flan-t5-base,7bcac572ce56db69c1ea7c8af255c5d7c9672fc2,concise_legal,242.1730401700006
29,"Chris is on trial for intentionally or recklessly causing a bushfire. His counsel says he was carrying out a “cool burn.” Talia, a First Nations woman, is called to explain First Nations practices. Is Talia’s evidence admissible?",First Nations women are not required to prove that they are a First Nations woman.,google/flan-t5-base,7bcac572ce56db69c1ea7c8af255c5d7c9672fc2,concise_legal,242.1730401700006
30,"Noah is on trial for killing his father, who had been violent towards Noah’s mother for decades. The defence calls an expert to describe how poverty, lack of access to services, and cultural stigma around separation can trap families in violent homes. Is this expert's evidence admissible?",The expert's evidence is admissible because it is based on the facts and the evidence is not a fact.,google/flan-t5-base,7bcac572ce56db69c1ea7c8af255c5d7c9672fc2,concise_legal,242.1730401700006
31,"Police have detained and taken DNA samples from three of four full siblings in a carjacking investigation: Chloe (female, 24), Sam (female, 23), and Joseph (male, 22). The fourth sibling, Kyle (male, 22), was not detained or sampled. Mitochondrial DNA testing of a crime scene sample links all three sampled siblings to the scene. Y-STR testing (which examines Y-chromosome DNA passed from father to son) links Joseph to the scene. Nuclear DNA testing also links Joseph to the scene. Is this information sufficient to reasonably link Joseph to the crime scene?",DNA testing of a crime scene sample links all three sampled siblings to the scene.,google/flan-t5-base,7bcac572ce56db69c1ea7c8af255c5d7c9672fc2,concise_legal,242.1730401700006
32,"Police have detained and taken DNA samples from three of four full siblings in a carjacking investigation: Chloe (female, 24), Sam (female, 23), and Joseph (male, 22). The fourth sibling, Kylie (female, 22), was not detained or sampled. Mitochondrial DNA testing of a crime scene sample links all three sampled siblings to the scene. Y-STR testing (which examines Y-chromosome DNA passed from father to son) links Joseph to the scene. Nuclear DNA testing also links Joseph to the scene. Is this information sufficient to reasonably link Joseph to the crime scene?",DNA testing of a crime scene sample links all three sampled siblings to the scene.,google/flan-t5-base,7bcac572ce56db69c1ea7c8af255c5d7c9672fc2,concise_legal,242.1730401700006
33,Is the right to silence based solely on common law?,common law,google/flan-t5-base,7bcac572ce56db69c1ea7c8af255c5d7c9672fc2,concise_legal,242.1730401700006
34,"Daniel is questioned by police about an armed robbery. He gives his name and age but answers “no comment” when asked where he was at 1 am and who he was with. He is now on trial, and you are the prosecutor. Should you invite the jury to treat his selective silence as evidence of guilt?",No comment is a form of evidence of guilt.,google/flan-t5-base,7bcac572ce56db69c1ea7c8af255c5d7c9672fc2,concise_legal,242.1730401700006
35,"At dinner, Kim and Frank watch a news story about a drive-by shooting. Kim says the car looks like Frank’s and asks, “That’s not your car, is it, Frank?” Frank stays silent. Frank is now on trial. Why is it important for the prosecution that Kim is not a government authority?",Kim is not a government authority.,google/flan-t5-base,7bcac572ce56db69c1ea7c8af255c5d7c9672fc2,concise_legal,242.1730401700006
36,"Kim and Frank are at a Christmas party and are watching a news story about a recent drive-by shooting. Kim thinks the car looks like Frank’s and asks, “That’s not your car, is it?” Frank stays silent. A few minutes later, the police shut down the party due to noise complaints. Later, Frank is on trial for offences related to the same drive-by shooting. Why is it important to the defence that the party was loud?",The police shut down the party due to noise complaints.,google/flan-t5-base,7bcac572ce56db69c1ea7c8af255c5d7c9672fc2,concise_legal,242.1730401700006
37,"Rachel is on trial for poisoning her business partner with mushrooms. There is no direct proof Rachel possessed poisonous mushrooms, but the prosecution shows that: (1) two weeks before the death she searched for a specific species of poisonous mushroom; (2) she had a manual for dehydration equipment that can mask the taste of mushrooms; and (3) toxicology shows her partner was poisoned by that same species. The prosecution argues it is highly improbable all of this is coincidental, if the death were an accident. What kind of inferential reasoning or type of evidence is the prosecution asking the jury to use?",no direct proof Rachel possessed poisonous mushrooms,google/flan-t5-base,7bcac572ce56db69c1ea7c8af255c5d7c9672fc2,concise_legal,242.1730401700006
38,Daisy witnessed a murder in her prison and is called by the prosecution to give evidence. Is she a “prison informer”?,The prosecution must be able to prove that the witness witnessed the murder.,google/flan-t5-base,7bcac572ce56db69c1ea7c8af255c5d7c9672fc2,concise_legal,242.1730401700006
39,"Emma is committed for trial on 1 March. On 25 March, she first tells her lawyer she was at a movie with her sister at the time of the alleged offence and wants both to give evidence, but no notice has been filed. What procedural step is required before Emma, or her sister can give evidence that she was at the movie rather than at the scene of the offence?","Emma is committed for trial on 1 March. On 25 March, she first tells her lawyer she was at a movie with her sister at the time of the alleged offence and wants both to give evidence, but no notice has been filed. What procedural step is required before Emma, or her sister can",google/flan-t5-base,7bcac572ce56db69c1ea7c8af255c5d7c9672fc2,concise_legal,242.1730401700006
40,"Alex is charged with a robbery at a shopping centre at 8:15 pm. He leads evidence that he was having dinner with friends at a restaurant across town at that time, and the jury thinks there is a real chance this is true. Ignoring the standard elements of robbery, what more needs to be proven to establish Alex’s guilt?",evidence that he was having dinner with friends at a restaurant across town at that time,google/flan-t5-base,7bcac572ce56db69c1ea7c8af255c5d7c9672fc2,concise_legal,242.1730401700006
41,"Liam and Noah plan to break into a warehouse to steal electronics. Liam agrees to act as the lookout while Noah goes inside; during the burglary, Noah violently assaults a security guard. Liam is later charged as a secondary party to the assault. Under Victorian law, on what basis could Liam be found “involved in the commission” of the assault, even though he only agreed to help with the burglary?",Liam is charged as a secondary party to the assault.,google/flan-t5-base,7bcac572ce56db69c1ea7c8af255c5d7c9672fc2,concise_legal,242.1730401700006
42,"Courtney and Tom agree to sell what they think is a harmless “party pill” to strangers at a music festival. The pills are in fact a controlled drug, and the conduct clearly amounts to a criminal offence. For Courtney to be liable on the basis of this agreement, must the prosecution prove that she knew the substance was illegal?",Courtney must prove that she knew the substance was illegal.,google/flan-t5-base,7bcac572ce56db69c1ea7c8af255c5d7c9672fc2,concise_legal,242.1730401700006
43,"Noah convinces his 12-year-old nephew to deliver a sealed package to an address, telling him it contains “books for a friend,” when in fact Noah has filled the package with prohibited drugs. The nephew has no idea what is inside and believes he’s doing a harmless favour. If police intercept the drugs, can Noah be liable as a principal offender for drug trafficking?","If police intercept the drugs, Noah is liable as a principal offender for drug trafficking.",google/flan-t5-base,7bcac572ce56db69c1ea7c8af255c5d7c9672fc2,concise_legal,242.1730401700006
44,"Jordan is a factory worker; Mia is his supervisor. They’re both charged with a Commonwealth conspiracy to commit an offence that requires an employer to ensure the safety of employees at a hazardous worksite. Two company directors, alleged to be the other parties to the agreement, have already been acquitted of the conspiracy. In these circumstances, can Jordan be found guilty of the conspiracy?",The defendant must be a member of the public and must be employed by the employer.,google/flan-t5-base,7bcac572ce56db69c1ea7c8af255c5d7c9672fc2,concise_legal,242.1730401700006
45,"Clyde, who has schizophrenia, assaults a stranger while experiencing delusions. He knows he is hitting a person but believes they are a “demon.” Does his mental illness, or his failure to appreciate the wrongfulness of his conduct, necessarily make his act involuntary?",Involuntary means that a person is not able to act in a reasonable way.,google/flan-t5-base,7bcac572ce56db69c1ea7c8af255c5d7c9672fc2,concise_legal,242.1730401700006
46,"Jonah is driving when he suddenly suffers an unexpected convulsion, causing his leg to slam down on the accelerator and his car to mount the curb and hit a pedestrian. If the only cause of the collision was this sudden bodily movement during the convulsion, how should a court characterise his physical act for the purpose of criminal liability?",Jonah's physical act is a physical act.,google/flan-t5-base,7bcac572ce56db69c1ea7c8af255c5d7c9672fc2,concise_legal,242.1730401700006
47,"At Andrew’s assault trial, there is no suggestion he was unconscious, seizing, or sleepwalking; all the evidence shows him standing, speaking, and then punching the complainant. Does the prosecution need specific evidence that the punch was voluntary, or can voluntariness be inferred from these circumstances?",The prosecution must be able to prove that the punch was voluntary.,google/flan-t5-base,7bcac572ce56db69c1ea7c8af255c5d7c9672fc2,concise_legal,242.1730401700006
48,"Jacob sets off powerful fireworks in a small, crowded backyard. He later admits he knew people could get hurt but did it anyway. In Victoria, what level of criminal culpability best describes his conduct?","Jacob sets off powerful fireworks in a small, crowded backyard.",google/flan-t5-base,7bcac572ce56db69c1ea7c8af255c5d7c9672fc2,concise_legal,242.1730401700006
49,"Liam throws a heavy brick off a freeway overpass into peak-hour traffic. He later tells police, “I knew it might hit a car, but I didn’t really think much more about it.” At trial, the prosecution tells the jury that recklessness is established if Liam knew the brick “might” cause harm. Why is this an incorrect statement of the legal test for recklessness in Victoria?",Liam knew the brick “might” cause harm.,google/flan-t5-base,7bcac572ce56db69c1ea7c8af255c5d7c9672fc2,concise_legal,242.1730401700006
50,Abigail is on trial in Victoria for causing serious injury. She argues that the injury was “an accident” because she pushed a door open without looking and it unexpectedly hit someone on the other side. Can Abigail rely on a standalone defence of “accident” in Victoria?,Abigail is on trial in Victoria for causing serious injury. She argues that the injury was “an accident” because she pushed a door open without looking and it unexpectedly hit someone on the other side.,google/flan-t5-base,7bcac572ce56db69c1ea7c8af255c5d7c9672fc2,concise_legal,242.1730401700006
51,"Ethan punches Marcus once in the head during an argument. Marcus falls, hits his head on the gutter, and dies in hospital two days later. At trial, Ethan admits to killing Marcus by punching him. What elements must still be proved for Ethan to be convicted of murder?",A defendant must prove that he is the victim of a crime.,google/flan-t5-base,7bcac572ce56db69c1ea7c8af255c5d7c9672fc2,concise_legal,242.1730401700006
52,"Ethan admits he voluntarily and intentionally killed Marcus, a German Shepherd, without lawful justification. Name ONE element of murder that is missing here.",a person's right to life,google/flan-t5-base,7bcac572ce56db69c1ea7c8af255c5d7c9672fc2,concise_legal,242.1730401700006
53,"Ethan, a sane 24-year-old, intentionally killed Marcus, a child, without lawful justification, and the jury accepts this beyond reasonable doubt. Under Victorian law, how could this still not amount to manslaughter or murder?",Manslaughter is a crime punishable by death.,google/flan-t5-base,7bcac572ce56db69c1ea7c8af255c5d7c9672fc2,concise_legal,242.1730401700006
54,"Harper, a New South Wales resident, shoots Riley in Sydney. Riley is stabilised in an NSW hospital, then transferred to a specialist trauma unit in Melbourne, where complications arise during surgery and he dies 10 days after the shooting. Can Harper be tried in a Victorian court?",Harper is a resident of New South Wales and can be tried in a Victorian court.,google/flan-t5-base,7bcac572ce56db69c1ea7c8af255c5d7c9672fc2,concise_legal,242.1730401700006
55,"Mila fires a gun recklessly into a crowded apartment block corridor, committing the offence of reckless conduct endangering life. One of the bullets kills Jonah. The prosecution seeks to invoke statutory murder. On what basis could this reckless conduct offence be treated as a foundational offence?",statutory murder,google/flan-t5-base,7bcac572ce56db69c1ea7c8af255c5d7c9672fc2,concise_legal,242.1730401700006
56,"During an argument outside a bar in 2016, Taylor swings once at Jordan’s jaw; Jordan falls backwards, hits their head on the curb and dies from the head injury. For manslaughter by an unlawful and dangerous act, which element of the offence does Crimes Act 1958 s 4A(4) help the jury assess?",a defendant’s conduct,google/flan-t5-base,7bcac572ce56db69c1ea7c8af255c5d7c9672fc2,concise_legal,242.1730401700006
57,"The accused admits he did not actually think death or really serious injury was likely, but the jury is sure that any reasonable person in his position would have realised they were exposing the victim to an appreciable risk of serious injury. If both reckless murder and manslaughter are left, which verdict does this state of mind support?",The jury is sure that any reasonable person in his position would have realised they were exposing the victim to an appreciable risk of serious injury.,google/flan-t5-base,7bcac572ce56db69c1ea7c8af255c5d7c9672fc2,concise_legal,242.1730401700006
58,"In 2010, Amir and Bella agree to “rough up” a debtor by slapping him around and threatening him, but nothing more. During the confrontation, Bella unexpectedly pulls a knife and fatally stabs the debtor. Amir is charged with manslaughter as a secondary party. If the prosecution relies on the doctrine that extends liability beyond the agreed lesser assault, what must they prove about Amir’s foresight of Bella’s escalation?",Amir is charged with manslaughter as a secondary party.,google/flan-t5-base,7bcac572ce56db69c1ea7c8af255c5d7c9672fc2,concise_legal,242.1730401700006
59,"A person is sitting in the back seat of a moving taxi when the taxi strikes a pedestrian at a crossing, killing them instantly. The prosecution later alleges that this rear-seat passenger is guilty of culpable driving causing death because he was driving a motor vehicle at the time of the collision. Is this a sound argument?",A person is driving a motor vehicle at the time of a collision.,google/flan-t5-base,7bcac572ce56db69c1ea7c8af255c5d7c9672fc2,concise_legal,242.1730401700006
60,"In a culpable driving causing death trial, the prosecution tells the jury: “You cannot find the accused guilty unless you are sure he actually realised his driving fell well below that of an ordinary careful driver; if he was simply unaware of the danger, you must acquit.” Is this an accurate statement of the law?","You cannot find the accused guilty unless you are sure he actually realised his driving fell well below that of an ordinary careful driver; if he was simply unaware of the danger, you must acquit.”",google/flan-t5-base,7bcac572ce56db69c1ea7c8af255c5d7c9672fc2,concise_legal,242.1730401700006
61,Two friends agree to race their cars along a suburban street. One driver loses control and fatally hits a cyclist; the other does not crash. On what general basis could the second driver still be held responsible for the death?,The second driver may be held responsible for the death of a cyclist.,google/flan-t5-base,7bcac572ce56db69c1ea7c8af255c5d7c9672fc2,concise_legal,242.1730401700006
62,"While driving late at night, Jerry fails to see a cyclist and runs him over, killing him instantly. Jerry was not drunk, reckless or negligent. Why does it matter to the prosecution that Jerry knew his headlights were broken before driving?","Jerry was not drunk, reckless or negligent.",google/flan-t5-base,7bcac572ce56db69c1ea7c8af255c5d7c9672fc2,concise_legal,242.1730401700006
63,"Asha is Ben’s manager at work. One evening they both freely and voluntarily have sex. Two days after the act, Asha regrets her decision. Does this mean Asha's consent was violated?",Asha's consent is not a requirement for sex.,google/flan-t5-base,7bcac572ce56db69c1ea7c8af255c5d7c9672fc2,concise_legal,242.1730401700006
64,"Jones is on trial for an unnamed sexual offence. He says that, in his culture, silence or lack of resistance means agreement. In light of this explanation, what specific issue about Jones awareness must the jury determine when deciding his guilt?",silence or lack of resistance means agreement.,google/flan-t5-base,7bcac572ce56db69c1ea7c8af255c5d7c9672fc2,concise_legal,242.1730401700006
65,"Jones is on trial for an unnamed sexual offence. He says that, in his culture, silence or lack of resistance means agreement. Must the jury learn more about this culture to decide whether he reasonably believed there was consent?",silence or lack of resistance means agreement.,google/flan-t5-base,7bcac572ce56db69c1ea7c8af255c5d7c9672fc2,concise_legal,242.1730401700006
66,"After an alleged sexual assault, Liam goes straight to his sister’s apartment and, sobbing and struggling to speak, tells her what happened. At trial, the prosecution calls his sister to describe his emotional state when he reported it. Why might Liam’s behaviour at that time be important evidence against the accused?",The prosecution calls his sister to describe his emotional state when he reported it.,google/flan-t5-base,7bcac572ce56db69c1ea7c8af255c5d7c9672fc2,concise_legal,242.1730401700006
67,"At trial, the complainant describes an alleged sexual assault in a completely flat tone, without visible emotion. Some jurors think this means she is “probably lying.” Is this a valid assumption?",A defendant is a person who is likely to lie.,google/flan-t5-base,7bcac572ce56db69c1ea7c8af255c5d7c9672fc2,concise_legal,242.1730401700006
68,"Assume the year is 2012. Why is it problematic for a judge to direct the jury that the prosecution must prove the accused “intended to commit rape in the sense that, at the time of penetration, he knew the complainant was not or might not be consenting”?","The prosecution must prove that the accused intended to commit rape in the sense that, at the time of penetration, he knew the complainant was not or might not be consenting.",google/flan-t5-base,7bcac572ce56db69c1ea7c8af255c5d7c9672fc2,concise_legal,242.1730401700006
69,"The prosecution alleges that the accused forced the complainant to put his own penis into his own mouth. Under the current statutory definition, does this amount to sexual penetration of oneself?",No,google/flan-t5-base,7bcac572ce56db69c1ea7c8af255c5d7c9672fc2,concise_legal,242.1730401700006
70,"In 2016, person A instructs person C to insert person C’s finger into person B’s mouth. Under the definition of “sexual penetration” in s 37D of the Crimes Act 1958, why does this not amount to person A sexually penetrating person B?",person A is not a person who sexually penetrating person B.,google/flan-t5-base,7bcac572ce56db69c1ea7c8af255c5d7c9672fc2,concise_legal,242.1730401700006
71,"In 2016, person A instructs person C to insert person C’s penis into person B’s mouth. Under the definition of “sexual penetration” in s 37D of the Crimes Act 1958, why does this amount to person A sexually penetrating person B?",person A sexually penetrating person B,google/flan-t5-base,7bcac572ce56db69c1ea7c8af255c5d7c9672fc2,concise_legal,242.1730401700006
72,"Under Victorian law, can a person assigned male at birth be sexually penetrated somewhere other than the anus or mouth?","Sexually, a male at birth is sexually abused.",google/flan-t5-base,7bcac572ce56db69c1ea7c8af255c5d7c9672fc2,concise_legal,242.1730401700006
73,"On a crowded tram, Caleb briefly brushes Rina’s hand while reaching for a pole; later he privately admits he finds her attractive and had a sexual interest in her. On these grounds alone, is Caleb’s private sexual interest enough to make that brief hand contact “sexual touching”?",Caleb is a person who has a sexual interest in Rina.,google/flan-t5-base,7bcac572ce56db69c1ea7c8af255c5d7c9672fc2,concise_legal,242.1730401700006
74,"Assume the year is 2011. Nina is sexually aroused by feet and secretly attracted to her colleague Caleb. During a meeting, she slowly removes his shoe under the table, later admitting she did so purely for her own sexual gratification. Does her sexual motive alone make the removal of Caleb’s shoe an indecent assault?",Indecent assault is a criminal offence.,google/flan-t5-base,7bcac572ce56db69c1ea7c8af255c5d7c9672fc2,concise_legal,242.1730401700006
75,"During an argument, Imogen swings her fist at Sara but stops just short. Sara flinches and braces for impact, but later says she “wasn’t actually scared.” Why doesn’t Sara’s claim that she wasn’t afraid stop Imogen’s conduct from amounting to assault?",The act of a slacker is considered an assault.,google/flan-t5-base,7bcac572ce56db69c1ea7c8af255c5d7c9672fc2,concise_legal,242.1730401700006
76,“I’m not from law enforcement and I’m going to illegally kill you in the next couple of years or so” does not amount to assault because which element of the offence is missing?,assault,google/flan-t5-base,7bcac572ce56db69c1ea7c8af255c5d7c9672fc2,concise_legal,242.1730401700006
77,"Mia receives several late-night calls from Noah. Each time she answers, he says nothing. Knowing his violent history, she believes he is outside about to attack. What is the citation of the common law case that held this conduct can amount to assault?",Noah is a violent person and he is likely to attack Mia.,google/flan-t5-base,7bcac572ce56db69c1ea7c8af255c5d7c9672fc2,concise_legal,242.1730401700006
78,"Assault' is defined to mean the direct or indirect application of force to the body of, or to the clothing or equipment worn by, a person. “Application of force” is defined to include the application of heat, light, electric current or any other form of energy, as well as the application of matter in solid, liquid or gaseous form. For the purposes of Victorian criminal law as it pertains to assault, which statute establishes the meaning of a police officer?",Victoria,google/flan-t5-base,7bcac572ce56db69c1ea7c8af255c5d7c9672fc2,concise_legal,242.1730401700006
79,"Officer Harper stops Liam on the street, says, “I’m just curious if you’ve got anything on you,” and, without any lawful basis, searches his pockets and finds drugs. Liam resists and accidentally strikes Harper during the unlawful search. In these circumstances, is Harper acting “in the execution of her duty” at the time of the alleged assault?",Officer Harper is acting in the execution of her duty.,google/flan-t5-base,7bcac572ce56db69c1ea7c8af255c5d7c9672fc2,concise_legal,242.1730401700006
80,"As officers move in to arrest Malik outside a bar, his friend Tia sees them coming and yells, “Run, they’re about to grab you!” intending to help him escape. What key fact about the effect of Tia’s warning must be proved in order to charge her with obstruction?",Tia must prove that Malik is about to grab Malik.,google/flan-t5-base,7bcac572ce56db69c1ea7c8af255c5d7c9672fc2,concise_legal,242.1730401700006
81,Which Victorian statute amended the Crimes Act 1958 to cover stalking over the internet?,Victorian law,google/flan-t5-base,7bcac572ce56db69c1ea7c8af255c5d7c9672fc2,concise_legal,242.1730401700006
82,"What are the elements of carjacking? Actually, I can answer that question for you. The offence has the following three elements: (i) The accused stole a vehicle; (ii) Immediately before or at the time of the theft, the accused: (a) Used force on any person; or (b) Put any person in fear that s/he or another person would, then and there, be subject to the use of force; or (c) Sought to put any person in fear that s/he or another person would, then and there, be subject to the use of force; and (iii) The accused did so in order to commit the theft (Crimes Act 1958 s 79(1)). Answer only this question: In a large shopping centre, Soraya stands in one spot near the central atrium all afternoon, turning only her head and eyes to keep Felix in view as he walks between different levels and stores. She never changes her physical position. On these facts, does Soraya follow Felix?",She never changes her physical position.,google/flan-t5-base,7bcac572ce56db69c1ea7c8af255c5d7c9672fc2,concise_legal,242.1730401700006
83,"Angry at Leo, Martina repeatedly dumps dead flowers and threatening notes on his doorstep and also tags him in public posts accusing him of crimes, hoping his employer will see them. Which two separate stalking acts in statutes best capture this pattern? The following information is irrelevant to answering the question: In 2013, Leo was convicted of “manslaughter by unlawful and dangerous act.” During the trial, a jury member asked the judge the following question: “Under Victorian law, what is the first element of an unlawful and dangerous act causing death and what does it entail? And also, what are the other elements to this offence? And how is it different to negligent manslaughter?”",Victorian law,google/flan-t5-base,7bcac572ce56db69c1ea7c8af255c5d7c9672fc2,concise_legal,242.1730401700006
84,"Mary is Rafa’s mother. Twelve-year-old Rafa has been especially naughty this week: on Monday he threw water on his brother Gregory, and on Tuesday he stole his sister’s watch. On Wednesday, as punishment, Mary confines Rafa to his room for an hour. What are the citations of the cases suggesting that Mary’s treatment of Rafa is lawful? As an aside, let's talk about Mary’s childhood. When Mary was younger, she was part of a violent gang. She would roam the streets carrying a cricket bat, and when elderly women walked past, Mary would swing the bat towards them, never actually hitting them but bringing it close enough to make them believe they were about to be struck. One day, Mary was caught by the police. She was charged with assault not involving the application of force but was never convicted because the prosecution couldn’t prove the first element of the offence.",Mary confines Rafa to his room for an hour.,google/flan-t5-base,7bcac572ce56db69c1ea7c8af255c5d7c9672fc2,concise_legal,242.1730401700006
85,"After an argument at home, 15-year-old Felix storms out and gets into the car of his aunt, Rosa, who takes him to stay at her house. Rosa used no trickery or threats, but she knows Felix’s parents want him back and tells him, “You can stay here as long as you like.” On these facts, is Rosa’s conduct closer to taking a child or harbouring a child under the Victorian law?",The act of taking a child is considered to be a criminal offence.,google/flan-t5-base,7bcac572ce56db69c1ea7c8af255c5d7c9672fc2,concise_legal,242.1730401700006
86,"A 13-year-old, Hamish, orders a rideshare to a friend’s house after a fight with his parents. The driver, Zoe, picks him up outside his home, asks “Are your parents okay with you going?”, gets a vague shrug, but offers no encouragement and simply follows the entered destination. On these facts, has Zoe taken Hamish away?",Zoe is a driver and cannot be taken away.,google/flan-t5-base,7bcac572ce56db69c1ea7c8af255c5d7c9672fc2,concise_legal,242.1730401700006
87,"During a gig, Luca quietly picks up someone else’s guitar, uses it for his set, then returns it to exactly the same spot before the owner notices. He always planned to put it back. On these facts alone, has Luca formed the mental element for theft?",Luca is a person who is able to commit theft.,google/flan-t5-base,7bcac572ce56db69c1ea7c8af255c5d7c9672fc2,concise_legal,242.1730401700006
88,How does the definition of “dishonesty” under Commonwealth law differ from that used in Victorian law?,Commonwealth law does not apply to “dishonesty” under Victorian law.,google/flan-t5-base,7bcac572ce56db69c1ea7c8af255c5d7c9672fc2,concise_legal,242.1730401700006
89,What is a good?,Good?,google/flan-t5-base,7bcac572ce56db69c1ea7c8af255c5d7c9672fc2,concise_legal,242.1730401700006
90,"Kai forces the owner of a vacant farm to leave, then lives there rent-free for six months, locking everyone else out of the gate and using it as his own space. For the purposes of handling stolen goods, does Kai’s wrongful occupation turn the land itself into “stolen goods”?",Kai’s wrongful occupation turns the land into “stolen goods”,google/flan-t5-base,7bcac572ce56db69c1ea7c8af255c5d7c9672fc2,concise_legal,242.1730401700006
91,Carmen submits a valuation certificate for 500 crates of “premium truffles” that don’t exist and uses it to support a finance application. Which case has been treated as authority that a valuation of non-existent goods is fraudulent in this way?,Carmen submits a valuation certificate for 500 crates of “premium truffles” that don’t exist and uses it to support a finance application.,google/flan-t5-base,7bcac572ce56db69c1ea7c8af255c5d7c9672fc2,concise_legal,242.1730401700006
92,"One element of theft is an intention to permanently deprive the owner of property. Nicholas threatens to smash his neighbour’s car unless she pays him $500 “for the damage you did last year,” an amount she genuinely owes. He intends to keep the $500 permanently but makes no claim over any other property. On these facts, which offence does his state of mind more clearly support – theft or blackmail – and why?",Blackmail is a form of theft.,google/flan-t5-base,7bcac572ce56db69c1ea7c8af255c5d7c9672fc2,concise_legal,242.1730401700006
93,"Rafi, a former executive of a publicly traded company, phones the current CEO and says, “Transfer $1 million to my account or I’ll leak information that will seriously damage your company's valuation.” Years earlier, Rafi was convicted of assault not involving force. Under Victorian law, what technical label best fits this kind of threat, and which reported case in your materials is cited as authority for treating market-damage threats in this way?",Australian law provides for the treatment of market-damage threats in this way.,google/flan-t5-base,7bcac572ce56db69c1ea7c8af255c5d7c9672fc2,concise_legal,242.1730401700006
94,"Josh deliberately and dishonestly destroys physical bank documents that record a loan he still owes, hoping to improve his own financial position. Which specific offence best captures Josh's conduct?",Banks are required to maintain records of their accounts.,google/flan-t5-base,7bcac572ce56db69c1ea7c8af255c5d7c9672fc2,concise_legal,242.1730401700006
95,"Marco transfers cryptocurrency through multiple wallets to make it harder to trace, fully aware it came from a fraud scheme. Under the Victorian “dealing with proceeds of crime” offences, which physical element is clearly satisfied by his conduct, and which highest mental state could be charged on these facts?",Victorian “dealing with proceeds of crime” offences,google/flan-t5-base,7bcac572ce56db69c1ea7c8af255c5d7c9672fc2,concise_legal,242.1730401700006
96,"Smith is a dealer, and so is his friend Walter. After some haggling, they agree to swap a quantity of Smith’s cocaine for Walter’s ice. Which case is specifically cited to show that this type of deal amounts to trafficking?",Smith v Walter,google/flan-t5-base,7bcac572ce56db69c1ea7c8af255c5d7c9672fc2,concise_legal,242.1730401700006
97,"Over six months, Minh alternates between weeks of intense dealing and long quiet stretches with no proven activity. The transactions involve different drugs, buyers and locations, but all are commercial. The indictment alleges he “trafficked” by carrying on a business over that whole period. What must the jury be satisfied of, given the patchy pattern of conduct?",Minh’s business,google/flan-t5-base,7bcac572ce56db69c1ea7c8af255c5d7c9672fc2,concise_legal,242.1730401700006
98,"“The salt of the abovementioned drugs, derivates and _______” Which word goes in the blank and which act does this phrase belong to?",alcohol,google/flan-t5-base,7bcac572ce56db69c1ea7c8af255c5d7c9672fc2,concise_legal,242.1730401700006
99,"After a grave insult, Jordan cools off for several hours, then calmly returns and kills. Which state of mind required for provocation is missing on these facts, and what is the technical term for it?",calmly returns and kills,google/flan-t5-base,7bcac572ce56db69c1ea7c8af255c5d7c9672fc2,concise_legal,242.1730401700006
100,"“There was an agreement between the accused and the deceased to seek the _____ of all parties to the agreement.” What is the missing word, and where is this specific phrase used?",a court,google/flan-t5-base,7bcac572ce56db69c1ea7c8af255c5d7c9672fc2,concise_legal,242.1730401700006
