k,n_queries,precision_at_k,recall_at_k,hit_rate_at_k,mrr_at_k,ndcg_at_k,method,status,latency_ms_per_query,generation_included_in_latency
1,100,0.17,0.17,0.17,0.17,0.17,Question BM25,deployable,0.2341513299984399,False
3,100,0.09666666666666666,0.29,0.29,0.225,0.2417836778214312,Question BM25,deployable,0.2341513299984399,False
5,100,0.062,0.31,0.31,0.22949999999999998,0.24995897147451054,Question BM25,deployable,0.2341513299984399,False
10,100,0.037,0.37,0.37,0.2378015873015873,0.2696507301031563,Question BM25,deployable,0.2341513299984399,False
1,100,0.08,0.08,0.08,0.08,0.08,Question Dense MiniLM,deployable,6.15064072999985,False
3,100,0.08,0.24,0.24,0.15,0.17309297535714577,Question Dense MiniLM,deployable,6.15064072999985,False
5,100,0.057999999999999996,0.29,0.29,0.16099999999999998,0.19331209073564984,Question Dense MiniLM,deployable,6.15064072999985,False
10,100,0.037,0.37,0.37,0.17124603174603173,0.21876137498556983,Question Dense MiniLM,deployable,6.15064072999985,False
1,100,0.19,0.19,0.19,0.19,0.19,Question BM25 + Question Dense RRF,deployable,6.434221899996828,False
3,100,0.09333333333333334,0.28,0.28,0.22999999999999995,0.24285578521428747,Question BM25 + Question Dense RRF,deployable,6.434221899996828,False
5,100,0.072,0.36,0.36,0.249,0.2764334348433819,Question BM25 + Question Dense RRF,deployable,6.434221899996828,False
10,100,0.046,0.46,0.46,0.26360317460317456,0.3100356555743157,Question BM25 + Question Dense RRF,deployable,6.434221899996828,False
1,100,0.43,0.43,0.43,0.43,0.43,Reference Answer Dense (oracle),oracle_only,5.635453550000875,False
3,100,0.22333333333333336,0.67,0.67,0.5383333333333333,0.5722580581071478,Reference Answer Dense (oracle),oracle_only,5.635453550000875,False
5,100,0.144,0.72,0.72,0.5498333333333334,0.5929154109940404,Reference Answer Dense (oracle),oracle_only,5.635453550000875,False
10,100,0.08199999999999999,0.82,0.82,0.5640198412698413,0.6261102086217514,Reference Answer Dense (oracle),oracle_only,5.635453550000875,False
1,100,0.06,0.06,0.06,0.06,0.06,Question-only HyDE Dense,deployable,243.76048604000061,True
3,100,0.03333333333333333,0.1,0.1,0.07833333333333332,0.08392789260714373,Question-only HyDE Dense,deployable,243.76048604000061,True
5,100,0.03,0.15,0.15,0.08833333333333333,0.10327053296887082,Question-only HyDE Dense,deployable,243.76048604000061,True
10,100,0.020999999999999998,0.21,0.21,0.09652777777777778,0.12286892297124292,Question-only HyDE Dense,deployable,243.76048604000061,True
1,100,0.19,0.19,0.19,0.19,0.19,Question BM25 + HyDE Dense RRF,deployable,244.0440672099976,True
3,100,0.09999999999999999,0.3,0.3,0.23,0.24761859507142917,Question BM25 + HyDE Dense RRF,deployable,244.0440672099976,True
5,100,0.074,0.37,0.37,0.24600000000000002,0.2764512416114011,Question BM25 + HyDE Dense RRF,deployable,244.0440672099976,True
10,100,0.04,0.4,0.4,0.24947222222222223,0.285626490292538,Question BM25 + HyDE Dense RRF,deployable,244.0440672099976,True
