method,mode_vs_child,k,token_budget,wins,losses,ties,net_hit_difference
bm25,parent,1,,7,3,70,0.05
bm25,child_to_parent,1,,2,0,78,0.025
bm25,parent,5,,10,2,68,0.1
bm25,child_to_parent,5,,3,0,77,0.0375
bm25,parent,10,,10,2,68,0.1
bm25,child_to_parent,10,,3,0,77,0.0375
bm25,parent,1,2048,7,4,69,0.0375
bm25,child_to_parent,1,2048,1,1,78,0.0
bm25,parent,5,2048,7,8,65,-0.0125
bm25,child_to_parent,5,2048,2,3,75,-0.0125
bm25,parent,10,2048,7,8,65,-0.0125
bm25,child_to_parent,10,2048,2,3,75,-0.0125
hybrid_w0.75,parent,1,,5,1,74,0.05
hybrid_w0.75,child_to_parent,1,,2,0,78,0.025
hybrid_w0.75,parent,5,,10,2,68,0.1
hybrid_w0.75,child_to_parent,5,,5,0,75,0.0625
hybrid_w0.75,parent,10,,17,1,62,0.2
hybrid_w0.75,child_to_parent,10,,7,0,73,0.0875
hybrid_w0.75,parent,1,2048,5,2,73,0.0375
hybrid_w0.75,child_to_parent,1,2048,2,1,77,0.0125
hybrid_w0.75,parent,5,2048,5,6,69,-0.0125
hybrid_w0.75,child_to_parent,5,2048,1,4,75,-0.0375
hybrid_w0.75,parent,10,2048,5,6,69,-0.0125
hybrid_w0.75,child_to_parent,10,2048,1,4,75,-0.0375
