method,split,split_id,primary,mode,k,token_budget,n_queries,ranked_unit_hit_at_k,ranked_unit_recall_at_k,gold_child_in_selected_units,gold_child_hit_in_context,gold_child_coverage_in_context,all_gold_children_in_context,gold_body_token_coverage,returned_units,unbudgeted_content_tokens,returned_content_tokens,context_truncated,context_tokens_p95,context_tokens_min,context_tokens_max,gold_context_hit_count
bm25,test,legal-rag-a-sha256-gold-group-20pct-v1,True,child,1,,80,0.1375,0.1375,0.1375,0.1375,0.1375,0.1375,0.1375,1,372.3875,372.3875,0.0,518.15,134,545,11
bm25,test,legal-rag-a-sha256-gold-group-20pct-v1,True,child,5,,80,0.2875,0.2875,0.2875,0.2875,0.2875,0.2875,0.2875,5,1912.6125,1912.6125,0.0,2437.3999999999996,607,2563,23
bm25,test,legal-rag-a-sha256-gold-group-20pct-v1,True,child,10,,80,0.3625,0.3625,0.3625,0.3625,0.3625,0.3625,0.3625,10,3823.35,3823.35,0.0,4628.15,1292,4834,29
bm25,test,legal-rag-a-sha256-gold-group-20pct-v1,True,child,1,2048,80,0.1375,0.1375,0.1375,0.1375,0.1375,0.1375,0.1375,1,372.3875,372.3875,0.0,518.15,134,545,11
bm25,test,legal-rag-a-sha256-gold-group-20pct-v1,True,child,5,2048,80,0.2875,0.2875,0.2875,0.275,0.275,0.275,0.28207171314741036,5,1912.6125,1832.725,0.3875,2048.0,607,2048,22
bm25,test,legal-rag-a-sha256-gold-group-20pct-v1,True,child,10,2048,80,0.3625,0.3625,0.3625,0.275,0.275,0.275,0.28207171314741036,10,3823.35,2038.55,0.9875,2048.0,1292,2048,22
bm25,test,legal-rag-a-sha256-gold-group-20pct-v1,True,parent,1,,80,0.1875,0.1875,0.1875,0.1875,0.1875,0.1875,0.1875,1,1236.8375,1236.8375,0.0,3111.0,143,3725,15
bm25,test,legal-rag-a-sha256-gold-group-20pct-v1,True,parent,5,,80,0.3875,0.3875,0.3875,0.3875,0.3875,0.3875,0.3875,5,5643.6625,5643.6625,0.0,10728.599999999999,673,12876,31
bm25,test,legal-rag-a-sha256-gold-group-20pct-v1,True,parent,10,,80,0.4625,0.4625,0.4625,0.4625,0.4625,0.4625,0.4625,10,10568.9125,10568.9125,0.0,19027.399999999998,1292,22750,37
bm25,test,legal-rag-a-sha256-gold-group-20pct-v1,True,parent,1,2048,80,0.1875,0.1875,0.1875,0.175,0.175,0.175,0.1753623188405797,1,1236.8375,1096.3875,0.1625,2048.0,143,2048,14
bm25,test,legal-rag-a-sha256-gold-group-20pct-v1,True,parent,5,2048,80,0.3875,0.3875,0.3875,0.2625,0.2625,0.2625,0.2812591553280104,5,5643.6625,2015.45,0.9625,2048.0,673,2048,21
bm25,test,legal-rag-a-sha256-gold-group-20pct-v1,True,parent,10,2048,80,0.4625,0.4625,0.4625,0.2625,0.2625,0.2625,0.2812591553280104,10,10568.9125,2038.55,0.9875,2048.0,1292,2048,21
bm25,test,legal-rag-a-sha256-gold-group-20pct-v1,True,child_to_parent,1,,80,0.1375,0.1375,0.1625,0.1625,0.1625,0.1625,0.1625,1,945.475,945.475,0.0,3131.8499999999995,134,3725,13
bm25,test,legal-rag-a-sha256-gold-group-20pct-v1,True,child_to_parent,5,,80,0.2875,0.2875,0.325,0.325,0.325,0.325,0.325,4.6875,4570.0375,4570.0375,0.0,9160.8,607,14009,26
bm25,test,legal-rag-a-sha256-gold-group-20pct-v1,True,child_to_parent,10,,80,0.3625,0.3625,0.4,0.4,0.4,0.4,0.4,9.1875,8956.0625,8956.0625,0.0,15774.249999999998,1292,21323,32
bm25,test,legal-rag-a-sha256-gold-group-20pct-v1,True,child_to_parent,1,2048,80,0.1375,0.1375,0.1625,0.1375,0.1375,0.1375,0.1378623188405797,1,945.475,835.0625,0.1125,2048.0,134,2048,11
bm25,test,legal-rag-a-sha256-gold-group-20pct-v1,True,child_to_parent,5,2048,80,0.2875,0.2875,0.325,0.2625,0.2625,0.2625,0.2628623188405797,4.6875,4570.0375,1982.35,0.925,2048.0,607,2048,21
bm25,test,legal-rag-a-sha256-gold-group-20pct-v1,True,child_to_parent,10,2048,80,0.3625,0.3625,0.4,0.2625,0.2625,0.2625,0.2628623188405797,9.1875,8956.0625,2038.55,0.9875,2048.0,1292,2048,21
dense,test,legal-rag-a-sha256-gold-group-20pct-v1,False,child,1,,80,0.075,0.075,0.075,0.075,0.075,0.075,0.075,1,315.2375,315.2375,0.0,518.2,9,576,6
dense,test,legal-rag-a-sha256-gold-group-20pct-v1,False,child,5,,80,0.2875,0.2875,0.2875,0.2875,0.2875,0.2875,0.2875,5,1519.5125,1519.5125,0.0,2054.4,391,2154,23
dense,test,legal-rag-a-sha256-gold-group-20pct-v1,False,child,10,,80,0.35,0.35,0.35,0.35,0.35,0.35,0.35,10,3014.7875,3014.7875,0.0,4000.4,1479,4171,28
dense,test,legal-rag-a-sha256-gold-group-20pct-v1,False,child,1,2048,80,0.075,0.075,0.075,0.075,0.075,0.075,0.075,1,315.2375,315.2375,0.0,518.2,9,576,6
dense,test,legal-rag-a-sha256-gold-group-20pct-v1,False,child,5,2048,80,0.2875,0.2875,0.2875,0.2875,0.2875,0.2875,0.2875,5,1519.5125,1517.1625,0.0625,2048.0,391,2048,23
dense,test,legal-rag-a-sha256-gold-group-20pct-v1,False,child,10,2048,80,0.35,0.35,0.35,0.3,0.3,0.3,0.3,10,3014.7875,2031.05,0.925,2048.0,1479,2048,24
dense,test,legal-rag-a-sha256-gold-group-20pct-v1,False,parent,1,,80,0.1375,0.1375,0.1375,0.1375,0.1375,0.1375,0.1375,1,638.9125,638.9125,0.0,1665.649999999998,38,3725,11
dense,test,legal-rag-a-sha256-gold-group-20pct-v1,False,parent,5,,80,0.3375,0.3375,0.3375,0.3375,0.3375,0.3375,0.3375,5,2803.7125,2803.7125,0.0,6249.15,638,6686,27
dense,test,legal-rag-a-sha256-gold-group-20pct-v1,False,parent,10,,80,0.4625,0.4625,0.4625,0.4625,0.4625,0.4625,0.4625,10,5175.7875,5175.7875,0.0,9612.0,1410,12254,37
dense,test,legal-rag-a-sha256-gold-group-20pct-v1,False,parent,1,2048,80,0.1375,0.1375,0.1375,0.1375,0.1375,0.1375,0.1375,1,638.9125,594.6125,0.05,1652.7999999999988,38,2048,11
dense,test,legal-rag-a-sha256-gold-group-20pct-v1,False,parent,5,2048,80,0.3375,0.3375,0.3375,0.25,0.25,0.25,0.2680432540771604,5,2803.7125,1818.1625,0.5875,2048.0,638,2048,20
dense,test,legal-rag-a-sha256-gold-group-20pct-v1,False,parent,10,2048,80,0.4625,0.4625,0.4625,0.2625,0.2625,0.2625,0.28738660850754016,10,5175.7875,2037.2375,0.975,2048.0,1410,2048,21
dense,test,legal-rag-a-sha256-gold-group-20pct-v1,False,child_to_parent,1,,80,0.075,0.075,0.225,0.225,0.225,0.225,0.225,1,1529.2375,1529.2375,0.0,4765.649999999998,50,12632,18
dense,test,legal-rag-a-sha256-gold-group-20pct-v1,False,child_to_parent,5,,80,0.2875,0.2875,0.4,0.4,0.4,0.4,0.4,4.5375,5467.4625,5467.4625,0.0,11356.5,1398,18590,32
dense,test,legal-rag-a-sha256-gold-group-20pct-v1,False,child_to_parent,10,,80,0.35,0.35,0.4875,0.4875,0.4875,0.4875,0.4875,8.7125,9972.7875,9972.7875,0.0,19832.6,2855,25768,39
dense,test,legal-rag-a-sha256-gold-group-20pct-v1,False,child_to_parent,1,2048,80,0.075,0.075,0.225,0.1875,0.1875,0.1875,0.19321532809983896,1,1529.2375,1043.2625,0.25,2048.0,50,2048,15
dense,test,legal-rag-a-sha256-gold-group-20pct-v1,False,child_to_parent,5,2048,80,0.2875,0.2875,0.4,0.25,0.25,0.25,0.2712018739767012,4.5375,5467.4625,1995.475,0.8625,2048.0,1398,2048,20
dense,test,legal-rag-a-sha256-gold-group-20pct-v1,False,child_to_parent,10,2048,80,0.35,0.35,0.4875,0.25,0.25,0.25,0.2712018739767012,8.7125,9972.7875,2048,1.0,2048.0,2048,2048,20
hybrid_w0.25,test,legal-rag-a-sha256-gold-group-20pct-v1,False,child,1,,80,0.1,0.1,0.1,0.1,0.1,0.1,0.1,1,365.3,365.3,0.0,533.55,50,576,8
hybrid_w0.25,test,legal-rag-a-sha256-gold-group-20pct-v1,False,child,5,,80,0.2875,0.2875,0.2875,0.2875,0.2875,0.2875,0.2875,5,1742.75,1742.75,0.0,2278.4,810,2406,23
hybrid_w0.25,test,legal-rag-a-sha256-gold-group-20pct-v1,False,child,10,,80,0.3875,0.3875,0.3875,0.3875,0.3875,0.3875,0.3875,10,3308.725,3308.725,0.0,4123.8,1917,4530,31
hybrid_w0.25,test,legal-rag-a-sha256-gold-group-20pct-v1,False,child,1,2048,80,0.1,0.1,0.1,0.1,0.1,0.1,0.1,1,365.3,365.3,0.0,533.55,50,576,8
hybrid_w0.25,test,legal-rag-a-sha256-gold-group-20pct-v1,False,child,5,2048,80,0.2875,0.2875,0.2875,0.2625,0.2625,0.2625,0.2755388563049853,5,1742.75,1704.4,0.25,2048.0,810,2048,21
hybrid_w0.25,test,legal-rag-a-sha256-gold-group-20pct-v1,False,child,10,2048,80,0.3875,0.3875,0.3875,0.2875,0.2875,0.2875,0.31212675650329164,10,3308.725,2044.075,0.9625,2048.0,1917,2048,23
hybrid_w0.25,test,legal-rag-a-sha256-gold-group-20pct-v1,False,parent,1,,80,0.1625,0.1625,0.1625,0.1625,0.1625,0.1625,0.1625,1,913.0875,913.0875,0.0,2749.999999999999,50,5576,13
hybrid_w0.25,test,legal-rag-a-sha256-gold-group-20pct-v1,False,parent,5,,80,0.45,0.45,0.45,0.45,0.45,0.45,0.45,5,3848.3125,3848.3125,0.0,7634.949999999996,1094,10230,36
hybrid_w0.25,test,legal-rag-a-sha256-gold-group-20pct-v1,False,parent,10,,80,0.5125,0.5125,0.5125,0.5125,0.5125,0.5125,0.5125,10,6962.675,6962.675,0.0,11714.9,2019,13128,41
hybrid_w0.25,test,legal-rag-a-sha256-gold-group-20pct-v1,False,parent,1,2048,80,0.1625,0.1625,0.1625,0.1625,0.1625,0.1625,0.1625,1,913.0875,802.025,0.075,2048.0,50,2048,13
hybrid_w0.25,test,legal-rag-a-sha256-gold-group-20pct-v1,False,parent,5,2048,80,0.45,0.45,0.45,0.2875,0.2875,0.2875,0.3142335455192847,5,3848.3125,1968.625,0.8375,2048.0,1094,2048,23
hybrid_w0.25,test,legal-rag-a-sha256-gold-group-20pct-v1,False,parent,10,2048,80,0.5125,0.5125,0.5125,0.2875,0.2875,0.2875,0.3142335455192847,10,6962.675,2047.6375,0.9875,2048.0,2019,2048,23
hybrid_w0.25,test,legal-rag-a-sha256-gold-group-20pct-v1,False,child_to_parent,1,,80,0.1,0.1,0.175,0.175,0.175,0.175,0.175,1,1218.4375,1218.4375,0.0,3119.4999999999995,50,5859,14
hybrid_w0.25,test,legal-rag-a-sha256-gold-group-20pct-v1,False,child_to_parent,5,,80,0.2875,0.2875,0.4125,0.4125,0.4125,0.4125,0.4125,4.625,5025.475,5025.475,0.0,10919.05,1094,14600,33
hybrid_w0.25,test,legal-rag-a-sha256-gold-group-20pct-v1,False,child_to_parent,10,,80,0.3875,0.3875,0.55,0.55,0.55,0.55,0.55,8.7625,9619.6125,9619.6125,0.0,17956.449999999997,2999,22634,44
hybrid_w0.25,test,legal-rag-a-sha256-gold-group-20pct-v1,False,child_to_parent,1,2048,80,0.1,0.1,0.175,0.15,0.15,0.15,0.15571532809983896,1,1218.4375,1000,0.2,2048.0,50,2048,12
hybrid_w0.25,test,legal-rag-a-sha256-gold-group-20pct-v1,False,child_to_parent,5,2048,80,0.2875,0.2875,0.4125,0.275,0.275,0.275,0.28071532809983896,4.625,5025.475,1979.6375,0.875,2048.0,1094,2048,22
hybrid_w0.25,test,legal-rag-a-sha256-gold-group-20pct-v1,False,child_to_parent,10,2048,80,0.3875,0.3875,0.55,0.2875,0.2875,0.2875,0.29321532809983897,8.7625,9619.6125,2048,1.0,2048.0,2048,2048,23
hybrid_w0.5,test,legal-rag-a-sha256-gold-group-20pct-v1,False,child,1,,80,0.125,0.125,0.125,0.125,0.125,0.125,0.125,1,374.7875,374.7875,0.0,518.0,50,551,10
hybrid_w0.5,test,legal-rag-a-sha256-gold-group-20pct-v1,False,child,5,,80,0.3,0.3,0.3,0.3,0.3,0.3,0.3,5,1839.7375,1839.7375,0.0,2288.1,810,2406,24
hybrid_w0.5,test,legal-rag-a-sha256-gold-group-20pct-v1,False,child,10,,80,0.4,0.4,0.4,0.4,0.4,0.4,0.4,10,3656.85,3656.85,0.0,4415.3,2063,4612,32
hybrid_w0.5,test,legal-rag-a-sha256-gold-group-20pct-v1,False,child,1,2048,80,0.125,0.125,0.125,0.125,0.125,0.125,0.125,1,374.7875,374.7875,0.0,518.0,50,551,10
hybrid_w0.5,test,legal-rag-a-sha256-gold-group-20pct-v1,False,child,5,2048,80,0.3,0.3,0.3,0.25,0.25,0.25,0.27633756495698436,5,1839.7375,1792.2625,0.35,2048.0,810,2048,20
hybrid_w0.5,test,legal-rag-a-sha256-gold-group-20pct-v1,False,child,10,2048,80,0.4,0.4,0.4,0.275,0.275,0.275,0.3013375649569844,10,3656.85,2048,1.0,2048.0,2048,2048,22
hybrid_w0.5,test,legal-rag-a-sha256-gold-group-20pct-v1,False,parent,1,,80,0.1875,0.1875,0.1875,0.1875,0.1875,0.1875,0.1875,1,893.8,893.8,0.0,2521.9999999999995,50,3725,15
hybrid_w0.5,test,legal-rag-a-sha256-gold-group-20pct-v1,False,parent,5,,80,0.5,0.5,0.5,0.5,0.5,0.5,0.5,5,4545.7125,4545.7125,0.0,8894.099999999999,1005,10380,40
hybrid_w0.5,test,legal-rag-a-sha256-gold-group-20pct-v1,False,parent,10,,80,0.575,0.575,0.575,0.575,0.575,0.575,0.575,10,8362.125,8362.125,0.0,12960.55,2690,19197,46
hybrid_w0.5,test,legal-rag-a-sha256-gold-group-20pct-v1,False,parent,1,2048,80,0.1875,0.1875,0.1875,0.1875,0.1875,0.1875,0.1875,1,893.8,821.05,0.075,2048.0,50,2048,15
hybrid_w0.5,test,legal-rag-a-sha256-gold-group-20pct-v1,False,parent,5,2048,80,0.5,0.5,0.5,0.275,0.275,0.275,0.3015037096864184,5,4545.7125,2002.325,0.9375,2048.0,1005,2048,22
hybrid_w0.5,test,legal-rag-a-sha256-gold-group-20pct-v1,False,parent,10,2048,80,0.575,0.575,0.575,0.275,0.275,0.275,0.3015037096864184,10,8362.125,2048,1.0,2048.0,2048,2048,22
hybrid_w0.5,test,legal-rag-a-sha256-gold-group-20pct-v1,False,child_to_parent,1,,80,0.125,0.125,0.1875,0.1875,0.1875,0.1875,0.1875,1,1059.6625,1059.6625,0.0,3111.0,50,4723,15
hybrid_w0.5,test,legal-rag-a-sha256-gold-group-20pct-v1,False,child_to_parent,5,,80,0.3,0.3,0.4125,0.4125,0.4125,0.4125,0.4125,4.65,5000.2,5000.2,0.0,9838.1,988,13353,33
hybrid_w0.5,test,legal-rag-a-sha256-gold-group-20pct-v1,False,child_to_parent,10,,80,0.4,0.4,0.5375,0.5375,0.5375,0.5375,0.5375,9,9543.3,9543.3,0.0,15354.749999999995,3084,19404,43
hybrid_w0.5,test,legal-rag-a-sha256-gold-group-20pct-v1,False,child_to_parent,1,2048,80,0.125,0.125,0.1875,0.1625,0.1625,0.1625,0.16821532809983897,1,1059.6625,913.575,0.15,2048.0,50,2048,13
hybrid_w0.5,test,legal-rag-a-sha256-gold-group-20pct-v1,False,child_to_parent,5,2048,80,0.3,0.3,0.4125,0.275,0.275,0.275,0.28071532809983896,4.65,5000.2,1980.8625,0.8625,2048.0,988,2048,22
hybrid_w0.5,test,legal-rag-a-sha256-gold-group-20pct-v1,False,child_to_parent,10,2048,80,0.4,0.4,0.5375,0.275,0.275,0.275,0.28071532809983896,9,9543.3,2048,1.0,2048.0,2048,2048,22
hybrid_w0.75,test,legal-rag-a-sha256-gold-group-20pct-v1,True,child,1,,80,0.15,0.15,0.15,0.15,0.15,0.15,0.15,1,379.7125,379.7125,0.0,518.75,50,551,12
hybrid_w0.75,test,legal-rag-a-sha256-gold-group-20pct-v1,True,child,5,,80,0.3,0.3,0.3,0.3,0.3,0.3,0.3,5,1878.3625,1878.3625,0.0,2346.0,673,2463,24
hybrid_w0.75,test,legal-rag-a-sha256-gold-group-20pct-v1,True,child,10,,80,0.4125,0.4125,0.4125,0.4125,0.4125,0.4125,0.4125,10,3719.3875,3719.3875,0.0,4494.0,1867,4609,33
hybrid_w0.75,test,legal-rag-a-sha256-gold-group-20pct-v1,True,child,1,2048,80,0.15,0.15,0.15,0.15,0.15,0.15,0.15,1,379.7125,379.7125,0.0,518.75,50,551,12
hybrid_w0.75,test,legal-rag-a-sha256-gold-group-20pct-v1,True,child,5,2048,80,0.3,0.3,0.3,0.2875,0.2875,0.2875,0.2997907949790795,5,1878.3625,1820.7875,0.3375,2048.0,673,2048,23
hybrid_w0.75,test,legal-rag-a-sha256-gold-group-20pct-v1,True,child,10,2048,80,0.4125,0.4125,0.4125,0.2875,0.2875,0.2875,0.30048190074831027,10,3719.3875,2045.2375,0.975,2048.0,1867,2048,23
hybrid_w0.75,test,legal-rag-a-sha256-gold-group-20pct-v1,True,parent,1,,80,0.2,0.2,0.2,0.2,0.2,0.2,0.2,1,1070.4125,1070.4125,0.0,3119.4999999999995,50,4245,16
hybrid_w0.75,test,legal-rag-a-sha256-gold-group-20pct-v1,True,parent,5,,80,0.4,0.4,0.4,0.4,0.4,0.4,0.4,5,4847.75,4847.75,0.0,9490.75,1177,11329,32
hybrid_w0.75,test,legal-rag-a-sha256-gold-group-20pct-v1,True,parent,10,,80,0.6125,0.6125,0.6125,0.6125,0.6125,0.6125,0.6125,10,9677.175,9677.175,0.0,15217.099999999993,3470,23290,49
hybrid_w0.75,test,legal-rag-a-sha256-gold-group-20pct-v1,True,parent,1,2048,80,0.2,0.2,0.2,0.1875,0.1875,0.1875,0.18786231884057972,1,1070.4125,932.35,0.15,2048.0,50,2048,15
hybrid_w0.75,test,legal-rag-a-sha256-gold-group-20pct-v1,True,parent,5,2048,80,0.4,0.4,0.4,0.275,0.275,0.275,0.27552465650291735,5,4847.75,2016.15,0.925,2048.0,1177,2048,22
hybrid_w0.75,test,legal-rag-a-sha256-gold-group-20pct-v1,True,parent,10,2048,80,0.6125,0.6125,0.6125,0.275,0.275,0.275,0.27552465650291735,10,9677.175,2048,1.0,2048.0,2048,2048,22
hybrid_w0.75,test,legal-rag-a-sha256-gold-group-20pct-v1,True,child_to_parent,1,,80,0.15,0.15,0.175,0.175,0.175,0.175,0.175,1,1019.7,1019.7,0.0,3111.0,50,5576,14
hybrid_w0.75,test,legal-rag-a-sha256-gold-group-20pct-v1,True,child_to_parent,5,,80,0.3,0.3,0.3625,0.3625,0.3625,0.3625,0.3625,4.7,4808.075,4808.075,0.0,9134.05,673,15145,29
hybrid_w0.75,test,legal-rag-a-sha256-gold-group-20pct-v1,True,child_to_parent,10,,80,0.4125,0.4125,0.5,0.5,0.5,0.5,0.5,9.2,8756.525,8756.525,0.0,16028.15,1959,20781,40
hybrid_w0.75,test,legal-rag-a-sha256-gold-group-20pct-v1,True,child_to_parent,1,2048,80,0.15,0.15,0.175,0.1625,0.1625,0.1625,0.16286231884057972,1,1019.7,883.45,0.125,2048.0,50,2048,13
hybrid_w0.75,test,legal-rag-a-sha256-gold-group-20pct-v1,True,child_to_parent,5,2048,80,0.3,0.3,0.3625,0.25,0.25,0.25,0.2548325175160764,4.7,4808.075,1986.6875,0.9125,2048.0,673,2048,20
hybrid_w0.75,test,legal-rag-a-sha256-gold-group-20pct-v1,True,child_to_parent,10,2048,80,0.4125,0.4125,0.5,0.25,0.25,0.25,0.2559504036949382,9.2,8756.525,2046.3875,0.975,2048.0,1959,2048,20
