method,sample_index,repeat,latency_ms,returned
d_mmr_1.0_10,34,1,17.507000011391938,5
Hybrid,32,1,34.436199930496514,5
Hybrid,28,2,38.192100008018315,5
Hybrid,83,0,36.362500046379864,5
Hybrid,99,0,36.9955999776721,5
d_threshold_0.3,71,0,20.599400042556226,5
d_mmr_1.0_10,55,0,15.641699894331396,5
BM25,44,2,16.653700033202767,5
d_threshold_0.3,72,1,22.579899989068508,5
d_threshold_0.3,88,0,22.62140007223934,5
BM25,71,0,17.2794999089092,5
d_threshold_0.3,93,2,19.079299992881715,5
d_dense_control,63,0,17.656699987128377,5
d_dense_control,53,1,19.0237999195233,5
Hybrid,70,0,36.0731000546366,5
Hybrid,48,0,39.96449999976903,5
d_dense_control,35,0,21.06529998127371,5
d_threshold_0.3,35,2,19.18850000947714,5
d_dense_control,61,2,22.8967999573797,5
d_dense_control,10,2,17.685199971310794,5
d_mmr_1.0_10,75,0,22.166699985973537,5
Hybrid,83,1,38.38829998858273,5
BM25,22,2,17.675000010058284,5
d_mmr_1.0_10,49,2,20.81230003386736,5
Hybrid,86,0,36.851199925877154,5
d_dense_control,54,0,24.533000076189637,5
d_mmr_1.0_10,29,2,19.35399998910725,5
d_dense_control,13,1,18.890300067141652,5
BM25,44,1,16.07420004438609,5
Hybrid,5,0,34.246600000187755,5
Hybrid,15,1,38.741800002753735,5
Hybrid,24,1,35.455700010061264,5
BM25,98,0,16.69790002051741,5
d_mmr_1.0_10,80,1,17.458599992096424,5
Hybrid,75,1,38.28660002909601,5
d_mmr_1.0_10,4,0,18.927900004200637,5
d_threshold_0.3,54,0,21.714900038205087,5
Hybrid,27,2,34.799200017005205,5
d_threshold_0.3,60,2,18.432300072163343,5
d_dense_control,33,2,18.138800049200654,5
Hybrid,35,0,35.5986999347806,5
d_dense_control,92,0,21.791800041683018,5
d_mmr_1.0_10,69,2,18.83890002500266,5
Hybrid,44,2,35.46379995532334,5
d_threshold_0.3,36,0,17.713199951685965,5
d_threshold_0.3,89,1,17.049700021743774,5
Hybrid,30,1,34.16589996777475,5
BM25,99,0,17.251999932341278,5
BM25,52,1,17.379699973389506,5
d_threshold_0.3,11,0,18.753099953755736,5
d_threshold_0.3,74,0,16.54650003183633,5
d_dense_control,93,0,18.41930008959025,5
BM25,60,2,18.036400084383786,5
d_mmr_1.0_10,52,1,17.393800080753863,5
Hybrid,71,0,38.13710005488247,5
d_mmr_1.0_10,9,2,17.73770002182573,5
Hybrid,24,2,35.36870004609227,5
d_threshold_0.3,80,1,18.233499955385923,5
Hybrid,2,1,34.431800013408065,5
d_threshold_0.3,9,0,16.366600058972836,5
Hybrid,63,2,34.22789997421205,5
d_mmr_1.0_10,39,2,20.929999998770654,5
d_dense_control,40,2,22.63300004415214,5
d_mmr_1.0_10,67,0,17.295100027695298,5
BM25,32,2,18.619799986481667,5
d_dense_control,27,1,18.455700017511845,5
d_dense_control,0,2,18.32139992620796,5
d_threshold_0.3,87,1,17.978499992750585,5
BM25,44,0,18.14079994801432,5
d_dense_control,2,2,19.66819993685931,5
d_mmr_1.0_10,43,2,19.802100025117397,5
d_dense_control,81,2,19.504299969412386,5
Hybrid,82,1,38.39889995288104,5
Hybrid,19,2,41.42349993344396,5
d_threshold_0.3,56,0,20.142000052146614,5
Hybrid,47,0,33.67680008523166,5
Hybrid,18,0,38.68170001078397,5
d_threshold_0.3,25,2,21.37490001041442,5
d_mmr_1.0_10,52,2,14.868900063447654,5
d_threshold_0.3,16,2,22.42860000114888,5
d_dense_control,60,0,18.35250004660338,5
Hybrid,22,2,41.143300011754036,5
d_mmr_1.0_10,90,0,17.263400019146502,5
d_mmr_1.0_10,89,0,17.55410002078861,5
d_dense_control,51,1,19.725299905985594,5
d_threshold_0.3,67,1,19.25909996498376,5
d_mmr_1.0_10,31,1,20.65800002310425,5
Hybrid,33,1,33.98469998501241,5
d_threshold_0.3,20,1,17.09060010034591,5
Hybrid,73,1,35.05240008234978,5
d_mmr_1.0_10,18,0,21.892599994316697,5
d_mmr_1.0_10,10,0,17.154700006358325,5
Hybrid,17,2,38.9259000075981,5
d_dense_control,5,1,16.80539990775287,5
d_threshold_0.3,30,0,19.190100021660328,5
d_threshold_0.3,31,0,20.97949991002679,5
BM25,81,0,16.871700063347816,5
d_dense_control,25,0,18.817200092598796,5
Hybrid,15,2,38.654300034977496,5
d_dense_control,64,1,18.737099948339164,5
d_mmr_1.0_10,9,0,16.859599971212447,5
BM25,64,0,15.707000042311847,5
BM25,71,1,19.74560006055981,5
d_mmr_1.0_10,38,1,19.50079994276166,5
d_mmr_1.0_10,37,0,17.22039992455393,5
Hybrid,64,0,35.64160002861172,5
Hybrid,28,1,38.69319998193532,5
BM25,28,0,16.44289994146675,5
d_dense_control,68,1,20.16139996703714,5
d_dense_control,44,1,17.57769996766001,5
d_threshold_0.3,44,0,16.33170002605766,5
d_mmr_1.0_10,80,2,16.498400014825165,5
Hybrid,81,1,34.74549995735288,5
BM25,61,1,16.52890001423657,5
d_threshold_0.3,38,0,19.494300009682775,5
d_threshold_0.3,15,0,19.769299891777337,5
Hybrid,51,1,38.843899965286255,5
d_threshold_0.3,85,1,20.825900021009147,5
d_dense_control,78,1,19.74090002477169,5
d_threshold_0.3,65,0,20.07580001372844,5
BM25,33,1,17.913099960424006,5
d_dense_control,18,0,21.288700052537024,5
BM25,60,1,16.68760005850345,5
Hybrid,34,0,32.509899931028485,5
d_dense_control,64,2,18.841100041754544,5
BM25,37,0,16.122400062158704,5
BM25,62,1,16.4031001040712,5
d_mmr_1.0_10,3,2,24.348000064492226,5
d_mmr_1.0_10,14,2,16.7066000867635,5
d_threshold_0.3,97,2,22.373200044967234,5
d_mmr_1.0_10,27,0,18.096499959938228,5
BM25,10,2,16.128999995999038,5
d_mmr_1.0_10,98,0,17.14499993249774,5
Hybrid,8,1,35.894099972210824,5
d_threshold_0.3,44,1,16.670100041665137,5
d_threshold_0.3,17,0,20.211499999277294,5
d_dense_control,7,2,18.4623000677675,5
Hybrid,87,1,33.46750000491738,5
d_threshold_0.3,34,0,17.669199965894222,5
Hybrid,96,0,34.34210002887994,5
d_threshold_0.3,92,0,20.71829990018159,5
d_threshold_0.3,71,1,20.199800026603043,5
Hybrid,93,2,34.266899921931326,5
BM25,5,0,16.989900032058358,5
BM25,30,1,15.254099969752133,5
d_threshold_0.3,21,1,20.663299947045743,5
BM25,96,0,16.19679993018508,5
BM25,63,1,18.320500035770237,5
Hybrid,3,1,39.614500012248755,5
d_threshold_0.3,52,0,17.279100022278726,5
Hybrid,32,0,36.448400001972914,5
BM25,37,2,16.859900089912117,5
d_dense_control,82,1,25.122500024735928,5
d_dense_control,71,0,20.542699960060418,5
BM25,2,2,17.033000010997057,5
BM25,23,2,15.998799935914576,5
d_mmr_1.0_10,96,1,18.35250004660338,5
d_threshold_0.3,5,2,18.221599981188774,5
Hybrid,85,1,35.93020001426339,5
d_mmr_1.0_10,8,0,18.445199937559664,5
d_mmr_1.0_10,40,1,22.808299981988966,5
d_mmr_1.0_10,71,0,22.36780000384897,5
BM25,35,2,18.33789993543178,5
d_mmr_1.0_10,88,1,18.391799996607006,5
d_dense_control,60,2,17.751900013536215,5
d_threshold_0.3,37,2,20.154700032435358,5
BM25,33,0,16.68300002347678,5
BM25,11,1,16.49760000873357,5
BM25,69,0,16.575600020587444,5
d_threshold_0.3,61,1,24.38419999089092,5
BM25,8,0,17.606999957934022,5
d_threshold_0.3,8,1,18.965099938213825,5
BM25,42,0,15.632999944500625,5
d_mmr_1.0_10,21,1,19.856699975207448,5
BM25,3,0,15.385200036689639,5
d_dense_control,36,0,18.77629989758134,5
Hybrid,60,2,34.347500069998205,5
d_dense_control,36,1,20.943000097759068,5
d_threshold_0.3,22,0,21.39590005390346,5
Hybrid,7,0,37.264500046148896,5
d_mmr_1.0_10,47,0,18.071600003167987,5
d_threshold_0.3,33,2,16.840699943713844,5
d_dense_control,62,1,16.777099925093353,5
Hybrid,14,0,32.868499984033406,5
d_threshold_0.3,81,0,24.78279999922961,5
d_dense_control,11,2,21.13200002349913,5
d_mmr_1.0_10,30,2,19.88460007123649,5
d_dense_control,40,0,24.59929999895394,5
d_dense_control,35,1,21.427600062452257,5
d_threshold_0.3,45,2,18.528199987486005,5
d_threshold_0.3,58,2,17.718899995088577,5
d_dense_control,84,2,18.848499981686473,5
d_mmr_1.0_10,35,0,17.706300015561283,5
d_threshold_0.3,42,2,18.38819996919483,5
Hybrid,91,0,35.24280001875013,5
d_dense_control,89,2,17.996400012634695,5
d_threshold_0.3,43,1,19.302799948491156,5
d_mmr_1.0_10,77,1,20.93340002465993,5
d_threshold_0.3,26,2,20.65650001168251,5
d_mmr_1.0_10,33,0,17.576599959284067,5
Hybrid,71,2,39.98590004630387,5
d_dense_control,43,0,20.407000090926886,5
d_dense_control,63,1,19.314000033773482,5
d_mmr_1.0_10,13,0,21.753299981355667,5
BM25,31,1,16.105699934996665,5
d_mmr_1.0_10,30,1,17.98210002016276,5
d_dense_control,99,2,19.6189999114722,5
BM25,45,2,17.381199984811246,5
Hybrid,84,2,36.6103999549523,5
d_threshold_0.3,47,0,19.068800029344857,5
d_threshold_0.3,32,2,20.2653999440372,5
d_mmr_1.0_10,49,1,19.724100013263524,5
Hybrid,25,1,39.89659994840622,5
d_threshold_0.3,55,2,20.53949993569404,5
d_threshold_0.3,55,0,19.008400035090744,5
d_threshold_0.3,30,1,17.729600076563656,5
d_mmr_1.0_10,32,0,17.194699961692095,5
BM25,57,1,16.699399915523827,5
Hybrid,58,0,34.14710005745292,5
Hybrid,17,0,39.29660003632307,5
BM25,19,0,18.193500000052154,5
d_mmr_1.0_10,25,1,21.936500095762312,5
BM25,12,0,16.78370009176433,5
d_dense_control,65,0,22.640799987129867,5
Hybrid,27,0,36.200699978508055,5
d_threshold_0.3,64,2,20.472300006076694,5
d_threshold_0.3,34,1,18.62390001770109,5
d_threshold_0.3,30,2,19.088600063696504,5
Hybrid,77,0,45.51659990102053,5
d_threshold_0.3,5,1,18.82700005080551,5
BM25,84,0,20.661600050516427,5
d_dense_control,24,1,18.738399958238006,5
d_mmr_1.0_10,88,0,20.373999956063926,5
d_dense_control,75,2,20.46679996419698,5
d_threshold_0.3,80,2,17.431700020097196,5
d_dense_control,91,1,21.153700072318316,5
d_dense_control,46,0,17.61320000514388,5
d_mmr_1.0_10,32,1,18.08419998269528,5
Hybrid,66,0,35.40900000371039,5
d_threshold_0.3,17,1,19.933999981731176,5
Hybrid,61,2,40.89899989776313,5
d_dense_control,19,0,26.187899988144636,5
d_threshold_0.3,5,0,17.33329996932298,5
d_dense_control,55,1,16.690899967215955,5
d_dense_control,71,1,19.14680004119873,5
d_mmr_1.0_10,16,1,21.910900017246604,5
d_dense_control,18,1,20.886700018309057,5
d_dense_control,95,0,22.851499961689115,5
BM25,14,2,17.652899958193302,5
BM25,35,1,18.188499961979687,5
d_threshold_0.3,26,1,19.329999922774732,5
Hybrid,91,2,38.38679997716099,5
d_mmr_1.0_10,81,0,21.515200030989945,5
Hybrid,64,2,35.79239989630878,5
d_threshold_0.3,59,0,19.518400076776743,5
Hybrid,54,1,38.123900070786476,5
d_mmr_1.0_10,28,2,20.768700051121414,5
d_dense_control,23,0,18.330999999307096,5
d_mmr_1.0_10,82,0,21.338700084015727,5
BM25,52,2,16.813699970953166,5
d_mmr_1.0_10,53,0,18.95539998076856,5
BM25,16,1,16.957300016656518,5
d_dense_control,82,0,22.506300010718405,5
d_dense_control,28,2,20.09959996212274,5
Hybrid,40,0,40.30590003821999,5
BM25,37,1,16.763600055128336,5
d_dense_control,39,1,20.699199987575412,5
d_dense_control,94,2,17.71740010008216,5
d_mmr_1.0_10,72,0,18.788699992001057,5
d_dense_control,47,1,20.529999979771674,5
d_threshold_0.3,27,2,16.919199959374964,5
Hybrid,33,2,37.463300046510994,5
d_threshold_0.3,84,0,19.440600066445768,5
d_threshold_0.3,23,0,18.63840001169592,5
BM25,3,2,17.483800067566335,5
d_dense_control,38,1,20.19720000680536,5
d_threshold_0.3,18,0,20.147199975326657,5
Hybrid,57,2,35.295399953611195,5
Hybrid,39,2,37.28190006222576,5
Hybrid,97,0,43.37079997640103,5
d_mmr_1.0_10,46,2,19.68620007392019,5
Hybrid,37,2,33.65320002194494,5
d_dense_control,90,2,18.216599943116307,5
d_dense_control,46,1,17.5437000580132,5
d_threshold_0.3,16,0,20.666099968366325,5
d_dense_control,17,2,22.847999935038388,5
BM25,42,2,15.80579997971654,5
d_dense_control,30,0,18.98980000987649,5
d_threshold_0.3,65,2,19.091800088062882,5
Hybrid,31,1,37.335700006224215,5
d_mmr_1.0_10,66,2,19.653000053949654,5
BM25,12,1,17.648600041866302,5
BM25,26,2,16.675999970175326,5
d_dense_control,79,2,18.535700044594705,5
Hybrid,24,0,37.458700011484325,5
BM25,79,1,16.84439997188747,5
d_mmr_1.0_10,5,0,19.898199941962957,5
d_threshold_0.3,81,2,20.88480000384152,5
BM25,78,1,15.52130002528429,5
d_threshold_0.3,94,2,18.858600058592856,5
d_threshold_0.3,37,1,17.258299980312586,5
d_mmr_1.0_10,62,1,24.453100049868226,5
d_dense_control,63,2,35.69769999012351,5
Hybrid,88,0,43.893199996091425,5
d_dense_control,53,0,25.299299973994493,5
d_threshold_0.3,88,1,34.81209999881685,5
d_mmr_1.0_10,12,1,32.31799998320639,5
d_threshold_0.3,82,1,27.865500072948635,5
BM25,29,2,20.467400085180998,5
d_mmr_1.0_10,56,2,27.705600019544363,5
BM25,30,2,22.953199921175838,5
Hybrid,86,2,50.86770001798868,5
d_threshold_0.3,96,0,20.61190002132207,5
d_threshold_0.3,84,2,24.284800048917532,5
BM25,41,2,16.402399982325733,5
d_dense_control,20,0,23.170099942944944,5
BM25,73,1,16.88020001165569,5
d_mmr_1.0_10,41,1,19.00170010048896,5
d_dense_control,9,1,15.97050006967038,5
d_threshold_0.3,25,0,20.114000071771443,5
BM25,9,1,18.249500077217817,5
BM25,55,1,17.443199991248548,5
d_mmr_1.0_10,51,0,21.745100035332143,5
d_threshold_0.3,3,2,20.171300042420626,5
BM25,51,0,17.503199982456863,5
d_dense_control,77,0,20.14669997151941,5
BM25,75,2,17.89500005543232,5
d_mmr_1.0_10,99,2,21.48790005594492,5
d_threshold_0.3,7,2,23.781499941833317,5
d_threshold_0.3,62,2,20.280799944885075,5
d_threshold_0.3,51,0,19.63140000589192,5
d_dense_control,7,1,18.644699943251908,5
d_dense_control,1,1,20.135600003413856,5
Hybrid,54,0,38.31460000947118,5
d_dense_control,15,0,19.045700086280704,5
d_mmr_1.0_10,6,0,17.447000020183623,5
d_threshold_0.3,39,2,18.495899974368513,5
d_mmr_1.0_10,70,2,17.831299919635057,5
d_mmr_1.0_10,39,1,18.63720000255853,5
d_dense_control,4,0,17.922500032000244,5
d_mmr_1.0_10,67,2,18.852600012905896,5
d_dense_control,40,1,20.517800003290176,5
Hybrid,26,0,35.02469998784363,5
BM25,64,2,17.015699995681643,5
BM25,91,0,15.928099979646504,5
d_threshold_0.3,37,0,19.96469998266548,5
d_mmr_1.0_10,15,1,18.853800022043288,5
Hybrid,74,2,33.579499926418066,5
d_dense_control,51,2,19.19110002927482,5
d_dense_control,50,1,21.053300006315112,5
d_dense_control,52,1,16.43120008520782,5
d_mmr_1.0_10,7,1,19.219700014218688,5
d_mmr_1.0_10,65,0,19.244199967943132,5
d_dense_control,96,0,15.777299995534122,5
BM25,12,2,17.13609998114407,5
d_dense_control,97,0,24.1262000054121,5
d_dense_control,69,1,19.627399975433946,5
d_mmr_1.0_10,86,0,20.228900015354156,5
d_threshold_0.3,90,2,19.208099925890565,5
d_mmr_1.0_10,94,1,22.87630003411323,5
d_dense_control,32,1,18.38820008561015,5
BM25,89,2,16.796400072053075,5
Hybrid,21,1,36.71719995327294,5
d_dense_control,80,2,17.348999972455204,5
d_dense_control,70,1,20.3157999785617,5
d_threshold_0.3,23,1,18.708699964918196,5
Hybrid,0,2,35.24449991527945,5
d_dense_control,16,1,25.075800018385053,5
d_mmr_1.0_10,24,2,21.426099934615195,5
d_dense_control,13,0,20.813200040720403,5
Hybrid,72,1,38.44289993867278,5
d_dense_control,50,0,18.918200046755373,5
d_mmr_1.0_10,74,2,17.345700063742697,5
d_dense_control,42,0,19.439700059592724,5
d_mmr_1.0_10,66,0,19.913799944333732,5
d_mmr_1.0_10,42,0,19.051300012506545,5
d_mmr_1.0_10,4,2,16.59229991491884,5
BM25,80,2,17.633100040256977,5
d_threshold_0.3,3,1,24.504900095053017,5
BM25,7,1,18.330099992454052,5
d_mmr_1.0_10,91,0,22.671099985018373,5
d_mmr_1.0_10,1,0,20.649899961426854,5
Hybrid,40,1,36.614299984648824,5
d_mmr_1.0_10,23,2,19.825299968943,5
d_threshold_0.3,48,0,20.370200043544173,5
Hybrid,53,0,39.09310000017285,5
d_dense_control,37,0,17.97929999884218,5
d_threshold_0.3,96,1,18.277399940416217,5
d_dense_control,91,0,20.262900041416287,5
d_mmr_1.0_10,19,0,21.766100078821182,5
d_mmr_1.0_10,59,2,20.24320000782609,5
Hybrid,30,0,34.76589999627322,5
Hybrid,41,0,38.76340005081147,5
BM25,56,2,17.559600062668324,5
BM25,58,2,15.347299980930984,5
Hybrid,42,2,37.473400007002056,5
Hybrid,75,0,37.6184000633657,5
d_mmr_1.0_10,49,0,20.23140003439039,5
d_threshold_0.3,11,2,22.924999939277768,5
d_threshold_0.3,24,0,33.936899970285594,5
d_mmr_1.0_10,5,2,20.91740001924336,5
BM25,98,2,17.217299900949,5
Hybrid,0,0,41.03039996698499,5
d_dense_control,48,0,21.334800054319203,5
Hybrid,23,2,36.432099994271994,5
BM25,48,0,16.77620003465563,5
d_mmr_1.0_10,41,2,20.948699908331037,5
d_dense_control,68,2,18.28910002950579,5
BM25,86,1,17.970999935641885,5
d_dense_control,74,0,18.851400003768504,5
BM25,58,0,17.98979996237904,5
d_dense_control,83,0,20.29050001874566,5
Hybrid,34,2,34.92640005424619,5
d_dense_control,85,0,19.459999981336296,5
d_threshold_0.3,2,2,19.363800063729286,5
BM25,11,2,17.221599933691323,5
BM25,23,0,18.510699970647693,5
Hybrid,27,1,38.954999996349216,5
d_mmr_1.0_10,64,2,18.2293999241665,5
Hybrid,2,0,36.78369999397546,5
BM25,32,1,18.74369999859482,5
d_dense_control,98,1,22.8538999799639,5
d_threshold_0.3,22,1,31.706799985840917,5
d_dense_control,43,2,27.144799940288067,5
BM25,77,2,19.40300001297146,5
d_threshold_0.3,10,2,22.938000038266182,5
BM25,80,1,19.916399964131415,5
d_threshold_0.3,63,0,23.951899958774447,5
Hybrid,42,1,40.564200025983155,5
Hybrid,92,2,39.541699923574924,5
d_mmr_1.0_10,0,2,22.16029993724078,5
Hybrid,20,1,37.94559999369085,5
d_threshold_0.3,42,1,21.43269998487085,5
BM25,49,2,16.655399929732084,5
Hybrid,22,0,39.68330007046461,5
d_mmr_1.0_10,27,1,20.762700005434453,5
d_threshold_0.3,51,1,21.52800001204014,5
d_mmr_1.0_10,9,1,19.01479996740818,5
Hybrid,10,1,39.00310001336038,5
BM25,20,0,17.602300038561225,5
d_mmr_1.0_10,96,0,20.66819998435676,5
BM25,19,1,16.66769990697503,5
d_mmr_1.0_10,74,0,19.43430001847446,5
BM25,38,1,15.955799957737327,5
d_mmr_1.0_10,35,1,21.170099964365363,5
BM25,69,1,18.101399997249246,5
d_dense_control,76,1,20.65189997665584,5
d_threshold_0.3,73,0,20.48019994981587,5
d_dense_control,32,2,18.784799962304533,5
BM25,53,0,16.87079994007945,5
d_threshold_0.3,66,2,23.467899998649955,5
d_mmr_1.0_10,86,1,25.66259994637221,5
d_threshold_0.3,59,1,17.79429998714477,5
d_mmr_1.0_10,17,0,19.39709996804595,5
d_threshold_0.3,76,0,18.954999977722764,5
d_threshold_0.3,97,1,22.658800007775426,5
d_dense_control,8,2,18.928700010292232,5
BM25,20,2,17.46850006747991,5
d_threshold_0.3,86,0,19.190200022421777,5
Hybrid,19,0,39.47790001984686,5
d_dense_control,97,1,21.056200028397143,5
d_dense_control,80,0,16.4698000298813,5
d_threshold_0.3,61,2,23.229600046761334,5
BM25,22,1,15.456499997526407,5
d_dense_control,98,2,20.5335000064224,5
d_threshold_0.3,10,0,18.903400050476193,5
d_mmr_1.0_10,44,1,16.414600075222552,5
d_dense_control,27,0,18.245399929583073,5
d_dense_control,79,0,18.46839999780059,5
d_dense_control,66,2,20.756099955178797,5
Hybrid,6,2,36.83320002164692,5
d_threshold_0.3,11,1,17.19410007353872,5
Hybrid,29,0,36.89240000676364,5
d_threshold_0.3,3,0,26.765499962493777,5
Hybrid,73,0,37.13800001423806,5
d_threshold_0.3,1,2,23.604499991051853,5
d_mmr_1.0_10,56,0,24.10869998857379,5
d_threshold_0.3,53,2,18.63440009765327,5
d_mmr_1.0_10,3,1,25.431400048546493,5
d_threshold_0.3,29,1,19.997800001874566,5
d_dense_control,17,0,23.961500031873584,5
d_threshold_0.3,54,1,21.49369998369366,5
Hybrid,12,0,34.4379999442026,5
d_threshold_0.3,38,2,17.899899976328015,5
Hybrid,40,2,36.78800002671778,5
BM25,87,2,16.335700056515634,5
Hybrid,77,1,35.79150000587106,5
d_mmr_1.0_10,76,2,18.199200043454766,5
d_threshold_0.3,56,1,19.67890001833439,5
BM25,19,2,20.21510002668947,5
BM25,55,0,18.57660000678152,5
d_dense_control,6,0,17.698200070299208,5
d_mmr_1.0_10,37,2,17.905600019730628,5
BM25,15,0,16.29299996420741,5
d_mmr_1.0_10,38,0,21.224900032393634,5
BM25,6,0,17.8012999240309,5
d_threshold_0.3,47,1,19.09940002951771,5
Hybrid,95,1,41.85939999297261,5
d_dense_control,44,2,18.527200096286833,5
BM25,68,1,16.6253000497818,5
Hybrid,61,0,39.15829991456121,5
Hybrid,13,0,36.44190006889403,5
BM25,49,0,15.849400078877807,5
d_threshold_0.3,92,2,20.947700017131865,5
d_dense_control,45,2,20.08459996432066,5
d_threshold_0.3,65,1,18.976000021211803,5
BM25,56,0,16.18819998111576,5
d_dense_control,39,0,23.16350000910461,5
d_threshold_0.3,40,1,20.030500018037856,5
d_dense_control,64,0,17.970200045965612,5
d_dense_control,95,1,22.49969996046275,5
Hybrid,9,1,34.5202999887988,5
Hybrid,13,2,35.428699920885265,5
Hybrid,89,0,35.22049996536225,5
d_threshold_0.3,41,0,19.9807999888435,5
Hybrid,74,0,36.703099962323904,5
Hybrid,76,0,34.88329995889217,5
d_mmr_1.0_10,48,2,21.339100087061524,5
d_dense_control,92,2,20.318099996075034,5
BM25,61,2,16.527800005860627,5
d_dense_control,67,0,18.401899957098067,5
d_threshold_0.3,34,2,16.541399993002415,5
Hybrid,99,2,36.08280001208186,5
BM25,59,2,17.291500000283122,5
d_mmr_1.0_10,20,0,18.289500032551587,5
d_threshold_0.3,79,2,18.478400073945522,5
BM25,7,0,16.459600068628788,5
d_mmr_1.0_10,50,2,21.35289995931089,5
d_mmr_1.0_10,91,1,20.549200009554625,5
d_mmr_1.0_10,74,1,17.27280009072274,5
BM25,85,1,17.93790003284812,5
d_dense_control,49,1,17.09320000372827,5
Hybrid,47,1,35.86509998422116,5
BM25,13,1,17.30639999732375,5
d_threshold_0.3,46,0,18.45360000152141,5
Hybrid,49,1,36.671899957582355,5
d_mmr_1.0_10,60,2,18.683400005102158,5
Hybrid,70,2,35.07119999267161,5
d_dense_control,95,2,21.80180000141263,5
Hybrid,37,1,36.2953000003472,5
Hybrid,98,0,35.06969998124987,5
Hybrid,59,2,35.85630003362894,5
BM25,42,1,16.897199908271432,5
d_mmr_1.0_10,57,2,16.648099990561604,5
d_threshold_0.3,7,0,23.477799957618117,5
Hybrid,4,2,31.81319998111576,5
d_dense_control,76,0,18.734500044956803,5
Hybrid,93,1,37.064800038933754,5
d_threshold_0.3,69,1,19.856999977491796,5
d_mmr_1.0_10,24,0,18.528199987486005,5
BM25,90,2,19.127100007608533,5
Hybrid,98,2,32.11040003225207,5
d_threshold_0.3,26,0,18.66649999283254,5
d_dense_control,54,1,20.46959998551756,5
d_dense_control,18,2,22.55310001783073,5
BM25,67,1,15.741099952720106,5
d_dense_control,20,2,17.008300055749714,5
BM25,79,2,17.957800067961216,5
BM25,24,0,15.582800027914345,5
d_threshold_0.3,0,1,20.745099987834692,5
d_threshold_0.3,29,0,18.363300012424588,5
BM25,98,1,16.777099925093353,5
BM25,79,0,14.997399994172156,5
BM25,11,0,16.7850999860093,5
BM25,99,1,18.532500020228326,5
d_dense_control,99,1,21.312400000169873,5
Hybrid,95,0,37.744399975053966,5
d_threshold_0.3,91,0,22.073599975556135,5
BM25,0,2,17.443199991248548,5
Hybrid,91,1,39.30689999833703,5
BM25,25,1,17.540899920277297,5
Hybrid,88,1,36.65030002593994,5
BM25,59,0,15.94650000333786,5
d_threshold_0.3,94,1,17.026000074110925,5
BM25,53,1,18.554700072854757,5
d_threshold_0.3,14,2,22.915499983355403,0
d_mmr_1.0_10,21,2,22.491400013677776,5
d_dense_control,69,0,20.73220000602305,5
d_mmr_1.0_10,68,1,18.69329996407032,5
BM25,33,2,17.426199978217483,5
d_mmr_1.0_10,95,0,21.153499954380095,5
Hybrid,4,0,33.487699925899506,5
Hybrid,46,1,34.52119999565184,5
Hybrid,1,1,36.46840003784746,5
d_threshold_0.3,6,2,18.09670007787645,5
d_dense_control,34,1,16.803099890239537,5
d_dense_control,85,1,17.58350001182407,5
Hybrid,78,1,36.44399996846914,5
BM25,77,0,17.55390001926571,5
Hybrid,42,0,36.42259992193431,5
d_threshold_0.3,54,2,24.253300041891634,5
BM25,40,1,15.919400029815733,5
BM25,84,2,16.198800061829388,5
d_threshold_0.3,29,2,21.36660006362945,5
d_threshold_0.3,38,1,19.648299901746213,5
Hybrid,92,0,44.019300024956465,5
BM25,50,2,16.89610001631081,5
BM25,51,2,17.66250003129244,5
d_mmr_1.0_10,93,0,23.110499954782426,5
Hybrid,96,2,37.82039997167885,5
BM25,25,0,17.05020002555102,5
Hybrid,67,2,36.221399903297424,5
Hybrid,36,2,35.33660003449768,5
BM25,22,0,17.083499929867685,5
d_threshold_0.3,97,0,21.817500004544854,5
Hybrid,63,0,33.6866999277845,5
d_dense_control,66,0,19.179699942469597,5
BM25,17,1,15.854500001296401,5
BM25,62,2,18.376699998043478,5
d_dense_control,29,0,21.667799912393093,5
d_mmr_1.0_10,45,1,19.112400012090802,5
d_mmr_1.0_10,39,0,19.762699957937002,5
Hybrid,60,0,33.99080003146082,5
BM25,97,0,18.532700021751225,5
Hybrid,95,2,36.28650004975498,5
d_dense_control,42,2,20.02120006363839,5
BM25,35,0,16.344300005584955,5
d_threshold_0.3,17,2,19.55259998794645,5
d_dense_control,33,0,16.594900051131845,5
BM25,99,2,16.724599990993738,5
d_dense_control,19,2,24.233600008301437,5
BM25,18,1,16.243799938820302,5
BM25,15,1,16.240300028584898,5
BM25,93,1,16.769699985161424,5
d_mmr_1.0_10,69,1,19.851100048981607,5
d_threshold_0.3,98,0,15.996299916878343,5
d_mmr_1.0_10,26,1,17.41029997356236,5
Hybrid,3,0,43.81679999642074,5
BM25,61,0,21.946399938315153,5
Hybrid,23,0,38.04020001552999,5
BM25,77,1,17.452599946409464,5
d_threshold_0.3,68,2,19.577800063416362,5
d_mmr_1.0_10,18,2,20.547199994325638,5
d_mmr_1.0_10,59,1,19.287100061774254,5
BM25,96,1,17.3571000341326,5
d_mmr_1.0_10,45,0,21.45779994316399,5
Hybrid,79,0,34.92410003673285,5
d_dense_control,1,0,23.924299981445074,5
d_threshold_0.3,0,0,17.895099939778447,5
d_threshold_0.3,0,2,21.33959997445345,5
d_threshold_0.3,60,1,18.60730000771582,5
BM25,65,1,14.520300086587667,5
d_threshold_0.3,74,1,16.65309991221875,5
d_mmr_1.0_10,65,1,21.815799991600215,5
BM25,40,2,17.025499953888357,5
d_threshold_0.3,82,2,20.91710001695901,5
BM25,65,2,17.855899990536273,5
d_mmr_1.0_10,80,0,18.307500053197145,5
d_threshold_0.3,68,1,19.29349999409169,5
d_mmr_1.0_10,44,2,16.623300034552813,5
d_mmr_1.0_10,48,1,18.736699945293367,5
BM25,92,1,16.571399988606572,5
Hybrid,54,2,39.5221000071615,5
d_threshold_0.3,39,0,18.580299918539822,5
d_dense_control,90,1,17.50209997408092,5
d_mmr_1.0_10,98,2,15.431899926625192,5
d_threshold_0.3,14,1,16.057300032116473,0
Hybrid,17,1,38.68899994995445,5
d_threshold_0.3,8,2,20.83589998073876,5
d_threshold_0.3,73,2,21.618900005705655,5
d_threshold_0.3,41,1,19.102999940514565,5
d_threshold_0.3,16,1,22.016200004145503,5
Hybrid,98,1,32.65710000414401,5
d_mmr_1.0_10,91,2,22.360000060871243,5
d_mmr_1.0_10,81,1,22.085800068452954,5
d_dense_control,76,2,17.26519991643727,5
BM25,75,1,17.06220000050962,5
Hybrid,0,1,34.504199982620776,5
d_mmr_1.0_10,54,0,21.645099972374737,5
BM25,5,2,16.987800016067922,5
Hybrid,52,2,36.84070007875562,5
Hybrid,67,1,35.13800003565848,5
d_dense_control,20,1,17.781800008378923,5
d_mmr_1.0_10,23,1,17.929699970409274,5
BM25,82,0,16.69149997178465,5
Hybrid,89,1,35.33169999718666,5
d_threshold_0.3,83,2,19.23109998460859,5
d_threshold_0.3,76,1,17.719499999657273,5
d_mmr_1.0_10,30,0,18.229999928735197,5
BM25,29,0,16.23700000345707,5
BM25,65,0,15.974099980667233,5
Hybrid,76,1,36.60379990469664,5
BM25,3,1,16.31219999399036,5
d_mmr_1.0_10,76,0,19.65659996494651,5
BM25,94,0,18.812700058333576,5
d_dense_control,3,1,24.927400052547455,5
BM25,95,1,17.77489995583892,5
Hybrid,16,0,40.55629996582866,5
BM25,88,0,16.220099991187453,5
Hybrid,21,0,42.26409993134439,5
d_mmr_1.0_10,45,2,19.29029996972531,5
d_mmr_1.0_10,17,1,21.103100036270916,5
d_threshold_0.3,33,0,16.599600086919963,5
d_threshold_0.3,63,2,20.2729000011459,5
d_threshold_0.3,19,0,24.501799955032766,5
d_threshold_0.3,43,2,20.33950004260987,5
d_mmr_1.0_10,13,1,20.103599992580712,5
d_dense_control,67,1,17.37810007762164,5
d_mmr_1.0_10,19,2,23.681399994529784,5
d_dense_control,8,0,18.16620002500713,5
d_mmr_1.0_10,60,1,18.542599980719388,5
d_mmr_1.0_10,75,2,20.33929992467165,5
d_threshold_0.3,18,1,21.656799945048988,5
Hybrid,53,2,35.52899998612702,5
d_mmr_1.0_10,61,0,21.8728999607265,5
d_mmr_1.0_10,83,1,18.282299977727234,5
BM25,83,2,17.978899995796382,5
d_threshold_0.3,71,2,20.330999977886677,5
BM25,91,1,15.83239994943142,5
d_dense_control,49,2,18.24280002620071,5
d_threshold_0.3,28,0,20.50390001386404,5
d_dense_control,83,2,17.44880003388971,5
Hybrid,65,0,35.437699989415705,5
d_dense_control,82,2,21.37799991760403,5
d_mmr_1.0_10,63,0,18.48760002758354,5
BM25,92,0,16.79519994650036,5
d_dense_control,22,0,23.292499943636358,5
d_threshold_0.3,52,1,17.06089999061078,5
d_threshold_0.3,13,2,25.14589997008443,5
d_mmr_1.0_10,28,0,28.38019991759211,5
d_dense_control,67,2,20.224499981850386,5
Hybrid,56,2,38.109099958091974,5
d_dense_control,16,2,23.00950000062585,5
Hybrid,23,1,35.151900025084615,5
Hybrid,47,2,40.64480005763471,5
BM25,36,0,16.694199992343783,5
d_mmr_1.0_10,70,1,19.24609998241067,5
d_mmr_1.0_10,12,2,22.028100094757974,5
BM25,4,0,16.561100026592612,5
Hybrid,16,1,36.743100034072995,5
d_mmr_1.0_10,41,0,21.84370008762926,5
Hybrid,72,2,40.63120007049292,5
d_dense_control,87,1,15.771399950608611,5
Hybrid,26,1,33.77759992145002,5
d_dense_control,25,2,19.646700005978346,5
d_mmr_1.0_10,2,2,18.729400006122887,5
Hybrid,81,2,38.80930005107075,5
Hybrid,18,1,39.51289993710816,5
BM25,14,0,16.895400010980666,5
Hybrid,93,0,41.838299948722124,5
BM25,41,0,17.63239991851151,5
d_threshold_0.3,89,0,18.52869999129325,5
d_dense_control,33,1,17.011399962939322,5
d_threshold_0.3,40,0,19.496800028719008,5
d_threshold_0.3,19,2,24.300900055095553,5
d_threshold_0.3,74,2,17.495399923063815,5
BM25,82,2,15.870500006712973,5
d_mmr_1.0_10,10,1,18.48859991878271,5
d_threshold_0.3,50,1,21.122400066815317,5
d_mmr_1.0_10,6,1,17.922400031238794,5
BM25,25,2,18.71730003040284,5
d_mmr_1.0_10,58,2,17.781200003810227,5
d_mmr_1.0_10,50,1,22.085499949753284,5
Hybrid,35,1,40.6698000151664,5
Hybrid,28,0,36.871799966320395,5
d_dense_control,31,0,19.95590003207326,5
d_dense_control,85,2,20.66979999653995,5
Hybrid,6,1,33.73200003989041,5
BM25,8,2,17.26220001000911,5
d_mmr_1.0_10,77,2,22.951900027692318,5
d_mmr_1.0_10,16,2,22.826300002634525,5
d_mmr_1.0_10,27,2,17.977099982090294,5
d_threshold_0.3,93,0,18.667500000447035,5
d_dense_control,58,0,17.628700006753206,5
d_threshold_0.3,20,0,17.16999989002943,5
d_threshold_0.3,36,1,17.44279998820275,5
d_dense_control,6,2,17.443299992009997,5
BM25,57,0,15.885500004515052,5
Hybrid,25,2,35.42539989575744,5
d_mmr_1.0_10,35,2,23.612000048160553,5
d_threshold_0.3,58,0,19.878099905326962,5
d_threshold_0.3,35,1,18.1082000490278,5
d_mmr_1.0_10,15,0,20.507700042799115,5
d_mmr_1.0_10,47,2,19.49630002491176,5
d_threshold_0.3,99,1,18.664700095541775,5
d_dense_control,28,1,20.338700036518276,5
d_threshold_0.3,75,1,19.393499940633774,5
BM25,43,0,17.729399958625436,5
d_dense_control,98,0,17.098900047130883,5
d_mmr_1.0_10,59,0,17.238200060091913,5
d_dense_control,12,0,19.369799993000925,5
d_mmr_1.0_10,90,2,20.168300019577146,5
d_threshold_0.3,86,2,20.97950002644211,5
d_threshold_0.3,1,0,22.113799932412803,5
BM25,10,1,16.344200004823506,5
d_dense_control,57,1,16.625799937173724,5
BM25,13,2,18.474599928595126,5
d_dense_control,22,1,20.902000018395483,5
BM25,23,1,16.526199993677437,5
d_dense_control,21,2,19.01319995522499,5
d_threshold_0.3,70,1,19.93650000076741,5
Hybrid,19,1,38.92890003044158,5
BM25,17,2,16.65769994724542,5
d_mmr_1.0_10,69,0,20.477000041864812,5
d_dense_control,55,2,18.355899956077337,5
d_threshold_0.3,82,0,22.190599935129285,5
d_threshold_0.3,95,0,20.74249996803701,5
BM25,27,2,16.677899984642863,5
BM25,86,0,21.594899939373136,5
d_threshold_0.3,77,0,20.203800057061017,5
d_dense_control,56,2,19.43010010290891,5
BM25,94,2,15.578899998217821,5
d_dense_control,69,2,19.673199974931777,5
d_dense_control,59,2,18.66359997075051,5
Hybrid,15,0,35.36850004456937,5
d_mmr_1.0_10,70,0,19.673699978739023,5
Hybrid,55,0,35.6997000053525,5
BM25,72,0,16.950299963355064,5
Hybrid,11,2,40.780400042422116,5
d_mmr_1.0_10,89,2,18.81340006366372,5
BM25,88,2,17.204899922944605,5
d_mmr_1.0_10,79,2,18.639300018548965,5
d_mmr_1.0_10,56,1,20.411100005730987,5
Hybrid,57,1,32.85030007828027,5
d_mmr_1.0_10,25,0,17.956600058823824,5
d_mmr_1.0_10,22,1,21.569799981079996,5
d_dense_control,19,1,24.096099892631173,5
d_mmr_1.0_10,60,0,17.50519999768585,5
d_mmr_1.0_10,83,0,18.34830001462251,5
d_threshold_0.3,53,1,20.08169994223863,5
d_threshold_0.3,77,1,19.45479994174093,5
d_dense_control,2,0,18.0811999598518,5
d_threshold_0.3,96,2,17.476300010457635,5
BM25,9,0,18.461099942214787,5
d_threshold_0.3,81,1,21.118500037118793,5
d_dense_control,12,1,20.1985000167042,5
d_mmr_1.0_10,53,2,18.42400000896305,5
Hybrid,59,1,35.25919991079718,5
BM25,56,1,17.017200007103384,5
d_mmr_1.0_10,58,0,18.183100037276745,5
Hybrid,38,0,35.43530008755624,5
d_mmr_1.0_10,31,2,19.635400036349893,5
d_dense_control,31,2,19.467900041490793,5
d_dense_control,28,0,19.781599985435605,5
Hybrid,14,2,33.17479998804629,5
d_dense_control,87,2,16.34049997664988,5
BM25,9,2,16.552099958062172,5
d_mmr_1.0_10,20,1,20.331599982455373,5
Hybrid,48,2,39.451199932955205,5
BM25,93,0,17.00450002681464,5
d_threshold_0.3,58,1,17.860899912193418,5
Hybrid,66,1,34.983100020326674,5
BM25,75,0,17.886599991470575,5
d_dense_control,5,2,17.065900028683245,5
d_dense_control,73,0,19.584399997256696,5
Hybrid,86,1,33.69339997880161,5
d_dense_control,50,2,22.458699997514486,5
d_mmr_1.0_10,43,0,21.806700038723648,5
Hybrid,83,2,36.13179991953075,5
d_mmr_1.0_10,73,2,21.890199976041913,5
Hybrid,33,0,31.92129998933524,5
d_dense_control,57,0,17.461700015701354,5
d_threshold_0.3,69,2,18.98649998474866,5
Hybrid,20,0,32.29420003481209,5
d_mmr_1.0_10,63,1,18.993500038050115,5
d_threshold_0.3,90,1,17.988600069656968,5
d_threshold_0.3,48,1,20.617199945263565,5
d_threshold_0.3,20,2,17.747399979270995,5
d_mmr_1.0_10,34,0,15.837499988265336,5
BM25,6,2,17.465599928982556,5
d_mmr_1.0_10,62,0,18.3926000026986,5
Hybrid,99,1,35.5360999237746,5
d_mmr_1.0_10,11,2,19.919599988497794,5
Hybrid,32,2,32.63509995304048,5
d_mmr_1.0_10,13,2,19.771200022660196,5
d_dense_control,84,0,17.084699939005077,5
BM25,70,1,17.788999946787953,5
BM25,21,0,18.603999982587993,5
Hybrid,41,2,40.02690000925213,5
Hybrid,59,0,35.94759991392493,5
Hybrid,85,0,36.01040004286915,5
d_mmr_1.0_10,34,2,16.5982999606058,5
Hybrid,39,0,35.36340000573546,5
d_threshold_0.3,21,2,23.165600025095046,5
d_mmr_1.0_10,72,2,19.624499953351915,5
d_threshold_0.3,78,2,22.580299992114305,5
d_dense_control,41,0,19.482900039292872,5
BM25,52,0,16.292700078338385,5
d_dense_control,36,2,17.410000087693334,5
d_threshold_0.3,42,0,21.078500081785023,5
d_threshold_0.3,49,1,20.798000041395426,5
d_mmr_1.0_10,0,1,18.443899927660823,5
d_mmr_1.0_10,68,2,19.36620008200407,5
BM25,27,1,17.375900060869753,5
Hybrid,84,1,36.33889998309314,5
d_mmr_1.0_10,54,2,22.32650003861636,5
d_threshold_0.3,28,2,20.727199967950583,5
BM25,92,2,18.784399959258735,5
d_threshold_0.3,27,0,19.335999968461692,5
d_mmr_1.0_10,97,0,21.4640999911353,5
d_dense_control,43,1,19.24159994814545,5
d_threshold_0.3,59,2,18.40870000887662,5
Hybrid,50,0,36.621299921534956,5
BM25,93,2,16.252300003543496,5
BM25,81,1,17.40139990579337,5
d_dense_control,13,2,22.757300059311092,5
Hybrid,65,1,36.15880000870675,5
Hybrid,77,2,42.83459996804595,5
d_dense_control,65,1,23.9710999885574,5
d_dense_control,61,1,24.75630003027618,5
d_mmr_1.0_10,73,1,22.237200057134032,5
d_dense_control,17,1,22.367899888195097,5
d_dense_control,86,2,20.268799969926476,5
BM25,84,1,16.271800035610795,5
d_threshold_0.3,32,1,19.40600003581494,5
BM25,88,1,16.54940005391836,5
d_mmr_1.0_10,29,1,19.743700046092272,5
d_threshold_0.3,23,2,19.88429995253682,5
d_mmr_1.0_10,18,1,20.020299940370023,5
d_dense_control,53,2,17.617200035601854,5
BM25,54,0,16.499499906785786,5
d_threshold_0.3,57,0,20.756799960508943,5
d_threshold_0.3,39,1,18.213800038211048,5
d_dense_control,83,1,18.300399999134243,5
d_threshold_0.3,92,1,18.672300036996603,5
Hybrid,72,0,40.07919994182885,5
d_threshold_0.3,4,1,19.26520001143217,5
d_dense_control,45,1,22.553799906745553,5
d_dense_control,78,0,19.78560001589358,5
d_dense_control,9,0,15.618799952790141,5
Hybrid,51,0,39.479700033552945,5
d_threshold_0.3,4,0,18.703500041738153,5
d_dense_control,57,2,17.588700051419437,5
Hybrid,8,0,38.16210001241416,5
d_dense_control,3,0,22.472100099548697,5
Hybrid,90,2,38.18090003915131,5
d_threshold_0.3,51,2,21.01809997111559,5
d_threshold_0.3,72,2,19.60020000115037,5
d_threshold_0.3,12,1,21.58990001771599,5
d_dense_control,73,1,19.928300054743886,5
BM25,45,1,18.81949999369681,5
Hybrid,55,2,35.24350002408028,5
d_mmr_1.0_10,0,0,17.88870000746101,5
d_dense_control,89,1,17.43700006045401,5
d_mmr_1.0_10,93,2,21.476099966093898,5
d_threshold_0.3,55,1,32.89949998725206,5
d_mmr_1.0_10,99,0,30.63659998588264,5
Hybrid,58,1,45.963000040501356,5
Hybrid,76,2,46.42589995637536,5
d_dense_control,37,1,26.604499900713563,5
d_dense_control,74,1,23.898800020106137,5
BM25,60,0,15.99099999293685,5
d_mmr_1.0_10,55,2,27.13399997446686,5
d_mmr_1.0_10,63,2,21.609699935652316,5
d_dense_control,65,2,26.18429996073246,5
BM25,36,1,16.63420000113547,5
d_threshold_0.3,2,0,22.87430001888424,5
d_threshold_0.3,48,2,21.186600090004504,5
d_dense_control,93,2,21.898700040765107,5
d_dense_control,56,0,25.94750002026558,5
d_threshold_0.3,4,2,19.560900051146746,5
BM25,1,2,16.035999986343086,5
d_mmr_1.0_10,84,1,20.824300008825958,5
d_dense_control,23,2,17.806099960580468,5
BM25,50,1,16.882600029930472,5
BM25,83,0,16.857299953699112,5
Hybrid,36,1,38.015799946151674,5
Hybrid,68,2,37.24940004758537,5
d_mmr_1.0_10,79,1,21.079800091683865,5
d_dense_control,37,2,19.09090008120984,5
d_mmr_1.0_10,84,2,17.62240007519722,5
BM25,66,1,15.532300109043717,5
Hybrid,96,1,33.799400087445974,5
d_mmr_1.0_10,64,0,18.05060007609427,5
d_mmr_1.0_10,93,1,19.072100054472685,5
Hybrid,41,1,36.354799987748265,5
d_threshold_0.3,57,1,17.167999991215765,5
BM25,24,2,18.22090009227395,5
d_dense_control,62,0,19.308799994178116,5
d_dense_control,90,0,17.707200022414327,5
d_threshold_0.3,57,2,16.213599941693246,5
Hybrid,62,0,35.514899995177984,5
BM25,83,1,16.342699993401766,5
BM25,15,2,15.960599994286895,5
BM25,8,1,17.32870005071163,5
d_threshold_0.3,86,1,19.924400025047362,5
BM25,67,2,15.95110003836453,5
d_dense_control,75,0,21.574500016868114,5
BM25,76,2,16.093999962322414,5
d_mmr_1.0_10,2,1,16.911900020204484,5
d_dense_control,29,1,19.149400060996413,5
BM25,80,0,17.091499990783632,5
d_dense_control,56,1,19.624400069005787,5
d_threshold_0.3,24,2,19.436200032941997,5
d_dense_control,79,1,16.46219997201115,5
BM25,31,2,18.2992999907583,5
Hybrid,14,1,34.85759999603033,5
d_dense_control,11,1,17.173900036141276,5
d_dense_control,16,0,20.63559996895492,5
d_dense_control,26,1,18.531300011090934,5
Hybrid,75,2,35.904099931940436,5
BM25,96,2,16.18090004194528,5
BM25,28,2,16.11409999895841,5
d_dense_control,24,2,18.4043999761343,5
BM25,57,2,16.206900007091463,5
d_dense_control,51,0,21.046999958343804,5
d_dense_control,71,2,23.538699955679476,5
d_threshold_0.3,27,1,19.042599946260452,5
d_threshold_0.3,7,1,17.551600001752377,5
d_dense_control,70,2,20.728099974803627,5
d_threshold_0.3,64,0,19.432100001722574,5
Hybrid,74,1,31.977100064978004,5
BM25,72,2,16.747499932534993,5
d_dense_control,30,1,16.861399984918535,5
d_threshold_0.3,35,0,18.356699962168932,5
Hybrid,50,2,37.13820001576096,5
d_mmr_1.0_10,77,0,20.181600004434586,5
Hybrid,9,2,35.55080003570765,5
d_dense_control,23,1,18.482499988749623,5
d_dense_control,7,0,17.79569999780506,5
Hybrid,97,2,37.87770005874336,5
d_dense_control,68,0,19.11419990938157,5
d_mmr_1.0_10,86,2,21.034799981862307,5
BM25,71,2,17.10060006007552,5
BM25,97,2,16.473400057293475,5
Hybrid,3,2,43.1499999249354,5
BM25,0,0,15.643200022168458,5
d_dense_control,84,1,18.702999921515584,5
Hybrid,87,0,32.215300016105175,5
Hybrid,38,1,38.01489993929863,5
Hybrid,2,2,34.43709993734956,5
Hybrid,94,0,37.35480003524572,5
d_dense_control,10,0,17.680199933238328,5
Hybrid,18,2,37.43969998322427,5
d_mmr_1.0_10,5,1,16.877799993380904,5
d_dense_control,87,0,16.359400004148483,5
d_mmr_1.0_10,14,1,15.813900041393936,5
BM25,86,2,16.487899934872985,5
d_dense_control,1,2,24.626599973998964,5
d_mmr_1.0_10,44,0,17.11849996354431,5
d_dense_control,22,2,21.459899959154427,5
d_dense_control,78,2,19.94110003579408,5
d_dense_control,11,0,18.161300104111433,5
d_dense_control,5,0,17.409500083886087,5
d_mmr_1.0_10,82,1,25.62430000398308,5
d_threshold_0.3,50,0,20.98120003938675,5
d_mmr_1.0_10,24,1,18.030400038696826,5
BM25,47,2,15.84859995637089,5
d_dense_control,94,1,18.23229994624853,5
d_dense_control,48,1,20.01530001871288,5
Hybrid,34,1,32.34959999099374,5
BM25,1,0,17.833499936386943,5
d_threshold_0.3,49,2,19.115400034934282,5
d_threshold_0.3,73,1,20.63140005338937,5
Hybrid,73,2,37.31689997948706,5
d_mmr_1.0_10,75,1,22.506700013764203,5
d_mmr_1.0_10,53,1,19.123999984003603,5
d_threshold_0.3,52,2,15.634399955160916,5
d_threshold_0.3,49,0,17.015299992635846,5
d_dense_control,97,2,22.34140003565699,5
d_threshold_0.3,99,2,21.557000000029802,5
d_dense_control,35,2,20.771199953742325,5
d_dense_control,96,1,17.336999997496605,5
BM25,74,0,17.41169998422265,5
BM25,26,0,15.5938999960199,5
d_threshold_0.3,85,0,19.30059993173927,5
d_mmr_1.0_10,46,1,17.18510000500828,5
d_threshold_0.3,91,1,20.214500022120774,5
d_threshold_0.3,79,0,16.659999964758754,5
BM25,18,2,17.741400049999356,5
d_dense_control,26,0,18.409800017252564,5
d_dense_control,72,2,21.54430001974106,5
d_mmr_1.0_10,57,0,15.680799959227443,5
d_dense_control,39,2,17.946099978871644,5
Hybrid,90,1,38.741700001992285,5
d_mmr_1.0_10,79,0,18.57790001668036,5
d_mmr_1.0_10,84,0,18.966899951919913,5
d_dense_control,24,0,18.824800034053624,5
d_dense_control,72,0,18.913199892267585,5
Hybrid,31,2,37.71720000077039,5
BM25,16,0,17.054099938832223,5
Hybrid,52,0,31.87239996623248,5
d_mmr_1.0_10,78,0,20.291700027883053,5
d_dense_control,8,1,18.77630001399666,5
d_dense_control,38,2,19.09780001733452,5
d_threshold_0.3,14,0,16.950399964116514,0
Hybrid,36,0,43.789800023660064,5
Hybrid,51,2,39.2688000574708,5
d_threshold_0.3,21,0,21.48009999655187,5
BM25,26,1,16.798100084997714,5
d_dense_control,61,0,24.326000013388693,5
BM25,73,2,17.07559998612851,5
d_mmr_1.0_10,92,0,19.65050003491342,5
d_mmr_1.0_10,50,0,19.81339999474585,5
Hybrid,69,1,36.81780002079904,5
d_dense_control,81,0,23.95009994506836,5
d_dense_control,26,2,19.969600019976497,5
Hybrid,22,1,39.13360007572919,5
BM25,16,2,24.503699969500303,5
d_dense_control,81,1,22.657800000160933,5
Hybrid,20,2,37.264900049194694,5
Hybrid,10,2,39.372799918055534,5
d_mmr_1.0_10,8,1,21.991000045090914,5
Hybrid,5,1,33.20100007113069,5
d_mmr_1.0_10,7,2,20.315299974754453,5
d_dense_control,41,1,19.981999997980893,5
BM25,70,0,17.27239997126162,5
d_mmr_1.0_10,11,1,24.56619997974485,5
Hybrid,43,1,41.91450006328523,5
d_dense_control,44,0,17.624700092710555,5
d_mmr_1.0_10,21,0,22.537700016982853,5
d_dense_control,48,2,19.978399970568717,5
d_dense_control,10,1,18.378600012511015,5
BM25,28,1,16.71400002669543,5
BM25,87,0,16.559400013647974,5
d_dense_control,93,1,21.255800034850836,5
Hybrid,1,0,40.01509991940111,5
d_threshold_0.3,83,1,20.92469995841384,5
BM25,24,1,17.072999966330826,5
Hybrid,1,2,39.122299989685416,5
d_mmr_1.0_10,11,0,19.968800013884902,5
d_mmr_1.0_10,40,0,24.520799983292818,5
d_threshold_0.3,87,2,20.179099985398352,5
d_dense_control,91,2,26.04369993787259,5
d_threshold_0.3,1,1,32.83569996710867,5
d_mmr_1.0_10,42,2,22.7603999665007,5
Hybrid,78,2,40.75169994030148,5
BM25,89,0,17.83100003376603,5
d_dense_control,27,2,19.479599897749722,5
BM25,2,1,14.218299998901784,5
BM25,30,0,16.655200044624507,5
Hybrid,88,2,35.78410006593913,5
d_mmr_1.0_10,17,2,23.882299894466996,5
d_mmr_1.0_10,85,2,20.160000072792172,5
BM25,34,2,16.62360003683716,5
d_mmr_1.0_10,51,2,22.89489994291216,5
d_mmr_1.0_10,40,2,23.663699976168573,5
d_threshold_0.3,45,0,22.54089992493391,5
Hybrid,80,0,34.98390002641827,5
Hybrid,38,2,37.521100020967424,5
d_dense_control,34,0,17.742800060659647,5
Hybrid,43,2,35.73279990814626,5
Hybrid,92,1,39.79770001024008,5
Hybrid,85,2,41.6977999266237,5
d_mmr_1.0_10,87,0,18.8520000083372,5
d_mmr_1.0_10,78,1,23.441200028173625,5
BM25,73,0,15.957900090143085,5
BM25,78,2,17.898500082083046,5
d_mmr_1.0_10,83,2,21.500000031664968,5
BM25,91,2,15.843600034713745,5
BM25,70,2,17.42360007483512,5
d_dense_control,4,1,18.612800049595535,5
d_threshold_0.3,78,1,23.66690000053495,5
BM25,5,1,15.927300089970231,5
d_mmr_1.0_10,52,0,20.054600085131824,5
d_dense_control,6,1,21.41070005018264,5
d_threshold_0.3,70,2,23.714000009931624,5
d_mmr_1.0_10,31,0,23.063499946147203,5
d_mmr_1.0_10,48,0,19.725599908269942,5
Hybrid,94,1,37.29780006688088,5
d_dense_control,52,0,18.07240000925958,5
Hybrid,66,2,38.388999993912876,5
d_threshold_0.3,95,2,20.40180005133152,5
d_dense_control,38,0,16.76610007416457,5
BM25,90,1,16.821800032630563,5
d_threshold_0.3,90,0,18.70110002346337,5
d_threshold_0.3,45,1,20.33090009354055,5
Hybrid,45,1,37.03890007454902,5
d_threshold_0.3,67,0,22.68530009314418,5
BM25,50,0,16.499600023962557,5
BM25,68,0,16.916399938054383,5
d_threshold_0.3,84,1,23.0289000319317,5
d_threshold_0.3,12,2,25.706499931402504,5
BM25,6,1,16.70649996958673,5
BM25,49,1,17.806399962864816,5
d_threshold_0.3,91,2,31.08119999524206,5
d_threshold_0.3,12,0,25.46879998408258,5
d_dense_control,4,2,21.02150011342019,5
BM25,89,1,19.656300079077482,5
d_mmr_1.0_10,62,2,29.158800025470555,5
d_mmr_1.0_10,4,1,23.799499962478876,5
Hybrid,62,2,46.68389994185418,5
d_dense_control,14,1,23.02259998396039,5
Hybrid,39,1,48.34059998393059,5
Hybrid,78,0,44.052000041119754,5
d_dense_control,15,2,23.469000007025898,5
d_threshold_0.3,56,2,24.50719999615103,5
d_threshold_0.3,85,2,21.830799989402294,5
d_dense_control,86,0,25.169899920001626,5
BM25,55,2,15.71690000128001,5
BM25,27,0,16.24699996318668,5
Hybrid,68,0,41.86110000591725,5
d_threshold_0.3,88,2,20.754899946041405,5
BM25,81,2,19.956299918703735,5
d_dense_control,75,1,21.241200040094554,5
Hybrid,60,1,40.26099992915988,5
BM25,46,1,18.270000000484288,5
BM25,46,2,17.786799930036068,5
Hybrid,26,2,43.31029998138547,5
BM25,54,2,17.04900001641363,5
d_threshold_0.3,46,2,21.62819996010512,5
BM25,38,2,20.70829994045198,5
Hybrid,7,1,46.05430003721267,5
d_threshold_0.3,62,1,21.390900015830994,5
d_threshold_0.3,43,0,21.411900059320033,5
d_threshold_0.3,25,1,19.422800047323108,5
d_threshold_0.3,98,2,17.808399978093803,5
BM25,34,0,17.972099944017828,5
BM25,39,0,14.889899990521371,5
d_dense_control,14,0,19.982800004072487,5
d_mmr_1.0_10,16,0,24.20520002488047,5
d_threshold_0.3,70,0,20.538599928840995,5
d_threshold_0.3,95,1,21.43269998487085,5
BM25,39,2,16.267400002107024,5
Hybrid,48,1,37.50759991817176,5
d_dense_control,2,1,19.666100037284195,5
Hybrid,29,1,42.152300011366606,5
Hybrid,5,2,37.97649999614805,5
d_threshold_0.3,32,0,35.74550000485033,5
d_threshold_0.3,79,1,22.500699968077242,5
d_mmr_1.0_10,71,1,23.86880002450198,5
Hybrid,94,2,38.51320000831038,5
d_threshold_0.3,10,1,21.270300028845668,5
Hybrid,81,0,45.50079989712685,5
d_dense_control,66,1,21.284100017510355,5
BM25,1,1,17.474599997512996,5
d_dense_control,58,2,21.462799981236458,5
Hybrid,12,1,37.67620003782213,5
d_mmr_1.0_10,25,2,20.587099948897958,5
d_mmr_1.0_10,65,2,21.13779995124787,5
Hybrid,45,2,38.16160000860691,5
d_threshold_0.3,28,1,21.138799958862364,5
d_mmr_1.0_10,22,2,23.01080001052469,5
d_dense_control,77,1,21.735399961471558,5
Hybrid,13,1,36.72029997687787,5
Hybrid,61,1,45.58939998969436,5
d_mmr_1.0_10,94,2,19.890900002792478,5
BM25,10,0,16.415600082837045,5
d_threshold_0.3,69,0,20.083000068552792,5
BM25,34,1,16.255800030194223,5
BM25,66,2,16.647699987515807,5
d_threshold_0.3,75,2,22.688099998049438,5
d_threshold_0.3,2,1,18.7938999151811,5
BM25,51,1,16.29329996649176,5
Hybrid,70,1,37.55280002951622,5
d_threshold_0.3,15,2,21.386399981565773,5
d_mmr_1.0_10,23,0,18.289400031790137,5
Hybrid,25,0,36.06529999524355,5
d_mmr_1.0_10,54,1,26.248499983921647,5
BM25,95,2,15.090400003828108,5
d_threshold_0.3,6,0,17.54860009532422,5
d_mmr_1.0_10,82,2,20.09230002295226,5
d_mmr_1.0_10,19,1,20.219899946823716,5
Hybrid,30,2,33.28720002900809,5
Hybrid,69,2,38.418599986471236,5
BM25,74,1,15.33319998998195,5
d_dense_control,31,1,21.563000045716763,5
d_dense_control,74,2,16.05170010589063,5
BM25,41,1,17.037400044500828,5
BM25,67,0,16.635000007227063,5
BM25,36,2,16.778100049123168,5
d_threshold_0.3,18,2,23.678199970163405,5
d_dense_control,80,1,19.176899921149015,5
d_dense_control,89,0,19.793499959632754,5
d_dense_control,41,2,21.912600030191243,5
d_dense_control,94,0,19.26519989501685,5
d_mmr_1.0_10,85,0,21.313300007022917,5
BM25,64,1,19.344700034707785,5
Hybrid,29,2,41.14470002241433,5
d_dense_control,77,2,23.836400010623038,5
d_mmr_1.0_10,20,2,24.56970000639558,5
Hybrid,65,2,40.02960002981126,5
d_threshold_0.3,22,2,22.31719996780157,5
d_threshold_0.3,93,1,18.924899981357157,5
d_threshold_0.3,89,2,17.622599960304797,5
BM25,90,0,16.418399987742305,5
d_mmr_1.0_10,32,2,18.871699925512075,5
Hybrid,46,0,35.54489999078214,5
d_threshold_0.3,31,1,20.53660003002733,5
Hybrid,90,0,34.39579997211695,5
Hybrid,62,1,36.38810000848025,5
d_threshold_0.3,50,2,21.679099998436868,5
d_mmr_1.0_10,26,0,17.912099952809513,5
d_dense_control,25,1,19.964199978858232,5
BM25,21,1,16.64289995096624,5
BM25,46,0,16.575700021348894,5
Hybrid,56,0,37.52670006360859,5
BM25,40,0,16.91849995404482,5
BM25,48,1,16.257099923677742,5
BM25,4,2,16.824400052428246,5
d_mmr_1.0_10,90,1,19.769400008954108,5
d_mmr_1.0_10,1,2,19.816100015304983,5
Hybrid,57,0,32.37099992111325,5
d_threshold_0.3,78,0,22.1607000567019,5
d_mmr_1.0_10,1,1,20.1480999821797,5
BM25,14,1,15.201100031845272,5
d_dense_control,30,2,17.961999983526766,5
BM25,43,2,17.46339991223067,5
Hybrid,53,1,41.41000006347895,5
Hybrid,69,0,38.633499993011355,5
BM25,82,1,16.826400067657232,5
d_threshold_0.3,8,0,18.228800036013126,5
d_threshold_0.3,53,0,20.255299983546138,5
d_dense_control,99,0,21.26239996869117,5
d_dense_control,54,2,23.01789994817227,5
d_mmr_1.0_10,58,1,18.297199974767864,5
d_dense_control,12,2,21.104699932038784,5
Hybrid,37,0,41.80160001851618,5
d_mmr_1.0_10,72,1,22.081100032664835,5
Hybrid,44,1,36.38130007311702,5
d_dense_control,88,2,18.46420008223504,5
d_mmr_1.0_10,14,0,16.20330009609461,5
d_threshold_0.3,60,0,17.403600038960576,5
d_mmr_1.0_10,61,1,23.543499992229044,5
Hybrid,12,2,38.43999991659075,5
d_threshold_0.3,75,0,21.06090006418526,5
d_threshold_0.3,24,1,17.836700077168643,5
BM25,87,1,16.1539000691846,5
BM25,85,2,18.895499990321696,5
d_threshold_0.3,63,1,19.300000043585896,5
BM25,47,0,17.89329992607236,5
d_threshold_0.3,31,2,22.296900046058,5
BM25,58,1,16.762100043706596,5
d_mmr_1.0_10,81,2,21.956599899567664,5
d_mmr_1.0_10,64,1,17.03860005363822,5
Hybrid,64,1,34.11360003519803,5
BM25,39,1,17.361599951982498,5
Hybrid,63,1,36.00469999946654,5
d_dense_control,9,2,17.562599969096482,5
d_dense_control,47,2,17.59559998754412,5
BM25,76,1,17.192999948747456,5
BM25,13,0,16.716000041924417,5
d_threshold_0.3,33,1,17.957500065676868,5
d_dense_control,21,0,18.744100001640618,5
d_mmr_1.0_10,8,2,18.152100034058094,5
BM25,0,1,18.228299915790558,5
d_threshold_0.3,62,0,20.192199968732893,5
d_threshold_0.3,68,0,18.715400015935302,5
Hybrid,10,0,34.06829992309213,5
d_dense_control,55,0,17.241899971850216,5
d_mmr_1.0_10,55,1,17.650900059379637,5
d_mmr_1.0_10,92,1,18.99140002205968,5
d_mmr_1.0_10,71,2,20.308900042437017,5
d_mmr_1.0_10,46,0,16.79580006748438,5
d_mmr_1.0_10,36,0,19.60040000267327,5
d_dense_control,3,2,27.0261000841856,5
d_mmr_1.0_10,26,2,19.892400014214218,5
BM25,72,1,17.086600069887936,5
d_threshold_0.3,46,1,17.04459998290986,5
Hybrid,21,2,36.83530003763735,5
d_threshold_0.3,41,2,19.083699909970164,5
Hybrid,79,2,34.90560001228005,5
BM25,2,0,17.738300026394427,5
d_threshold_0.3,9,2,16.65160001721233,5
Hybrid,7,2,36.09139996115118,5
d_dense_control,96,2,18.14529998227954,5
d_dense_control,0,1,16.945600043982267,5
d_mmr_1.0_10,99,1,20.134499995037913,5
d_mmr_1.0_10,87,2,16.003699973225594,5
d_mmr_1.0_10,37,1,17.09760003723204,5
d_mmr_1.0_10,73,0,19.135099952109158,5
d_threshold_0.3,66,1,24.265000014565885,5
BM25,78,0,16.860300092957914,5
BM25,7,2,17.055600066669285,5
d_threshold_0.3,77,2,22.054500062949955,5
Hybrid,71,1,37.07119997125119,5
d_threshold_0.3,61,0,29.046299983747303,5
d_threshold_0.3,19,1,22.11480005644262,5
d_mmr_1.0_10,6,2,15.570199931971729,5
d_dense_control,60,1,18.006299971602857,5
d_dense_control,62,2,18.53820006363094,5
BM25,43,1,16.4500999962911,5
d_mmr_1.0_10,7,0,17.957500065676868,5
d_mmr_1.0_10,95,2,21.868200041353703,5
Hybrid,9,0,33.0603999318555,5
d_mmr_1.0_10,28,1,22.273499984294176,5
Hybrid,4,1,34.46400002576411,5
BM25,74,2,17.527999938465655,5
BM25,32,0,19.98710003681481,5
BM25,62,0,16.35829999577254,5
d_threshold_0.3,36,2,20.28479997534305,5
d_threshold_0.3,47,2,19.04909999575466,5
BM25,94,1,19.27389996126294,5
d_mmr_1.0_10,68,0,20.049900049343705,5
d_dense_control,47,0,20.582800032570958,5
d_dense_control,72,1,20.442300010472536,5
d_threshold_0.3,98,1,18.245100043714046,5
d_dense_control,92,1,22.843000013381243,5
d_threshold_0.3,99,0,18.65459990222007,5
Hybrid,79,1,34.89490004722029,5
d_threshold_0.3,67,2,20.68170008715242,5
d_mmr_1.0_10,92,2,19.304300076328218,5
Hybrid,68,1,34.42110004834831,5
d_mmr_1.0_10,97,2,22.858700016513467,5
Hybrid,80,2,31.181200058199465,5
BM25,97,1,17.18690001871437,5
d_threshold_0.3,13,0,19.82580008916557,5
d_mmr_1.0_10,38,2,18.092600046657026,5
d_dense_control,70,0,19.263499998487532,5
d_threshold_0.3,40,2,20.134400110691786,5
d_mmr_1.0_10,47,1,18.74369999859482,5
Hybrid,45,0,38.34670002106577,5
d_dense_control,14,2,15.877899946644902,5
d_threshold_0.3,87,0,15.999399940483272,5
Hybrid,44,0,33.47799996845424,5
BM25,45,0,16.58519997727126,5
Hybrid,82,2,38.400899968110025,5
d_dense_control,73,2,20.75409993994981,5
d_dense_control,15,1,19.819800043478608,5
d_mmr_1.0_10,95,1,20.818699966184795,5
Hybrid,56,1,38.75569999217987,5
BM25,38,0,16.53780008200556,5
d_dense_control,21,1,20.47750004567206,5
d_mmr_1.0_10,67,1,16.8903999729082,5
Hybrid,49,2,33.54829992167652,5
d_threshold_0.3,80,0,17.60310004465282,5
d_mmr_1.0_10,36,2,17.053700052201748,5
Hybrid,84,0,36.941700032912195,5
d_dense_control,59,0,17.939800047315657,5
d_threshold_0.3,15,1,20.562299992889166,5
Hybrid,11,1,35.938299959525466,5
d_mmr_1.0_10,98,1,20.934200030751526,5
d_threshold_0.3,64,1,23.103600018657744,5
Hybrid,16,2,42.771700071170926,5
d_mmr_1.0_10,33,1,18.90189992263913,5
d_mmr_1.0_10,15,2,21.28620003350079,5
BM25,48,2,18.096800078637898,5
d_mmr_1.0_10,42,1,19.609899958595634,5
d_mmr_1.0_10,66,1,18.569599953480065,5
Hybrid,82,0,42.47939994093031,5
d_mmr_1.0_10,57,1,20.20320005249232,5
Hybrid,43,0,37.03290002886206,5
d_dense_control,42,1,18.729800009168684,5
d_dense_control,52,2,15.335300005972385,5
Hybrid,11,0,33.17000006791204,5
d_dense_control,49,0,20.018500043079257,5
d_mmr_1.0_10,33,2,19.02649994008243,5
d_threshold_0.3,9,1,17.381699988618493,5
d_mmr_1.0_10,87,1,17.167899990454316,5
d_mmr_1.0_10,85,1,18.962500034831464,5
BM25,68,2,16.84130006469786,5
d_mmr_1.0_10,94,0,19.873099983669817,5
BM25,54,1,17.359300050884485,5
Hybrid,97,1,38.382899947464466,5
Hybrid,55,1,33.78089994657785,5
d_mmr_1.0_10,51,1,19.661600003018975,5
BM25,31,0,19.064599997363985,5
BM25,47,1,17.790299956686795,5
Hybrid,31,0,40.252899983897805,5
d_threshold_0.3,94,0,20.07289999164641,5
d_dense_control,46,2,17.715899972245097,5
d_mmr_1.0_10,22,0,19.560299930162728,5
d_mmr_1.0_10,29,0,21.678099990822375,5
d_dense_control,0,0,18.83549999911338,5
d_threshold_0.3,76,2,18.05950002744794,5
BM25,53,2,16.467800014652312,5
d_dense_control,58,1,19.887100090272725,5
BM25,85,0,18.627600045874715,5
d_threshold_0.3,66,0,24.14420002605766,5
d_threshold_0.3,13,1,21.48460003081709,5
BM25,29,1,17.563499975949526,5
Hybrid,80,1,38.10110001359135,5
d_mmr_1.0_10,12,0,19.864899921230972,5
d_dense_control,34,2,17.953400034457445,5
d_dense_control,45,0,20.511000067926943,5
BM25,66,0,18.15679995343089,5
d_dense_control,59,1,20.280499942600727,5
BM25,63,0,16.164100030437112,5
d_mmr_1.0_10,97,1,25.839699897915125,5
d_dense_control,29,2,21.257200045511127,5
Hybrid,46,2,37.042299984022975,5
Hybrid,6,0,36.688099964521825,5
d_mmr_1.0_10,89,1,17.43979996535927,5
d_dense_control,32,0,19.880699925124645,5
d_dense_control,88,1,19.468399928882718,5
d_mmr_1.0_10,76,1,19.133699941448867,5
Hybrid,8,2,36.5357999689877,5
BM25,4,1,21.110899979248643,5
Hybrid,89,2,33.442000043578446,5
d_mmr_1.0_10,2,0,19.27839999552816,5
d_threshold_0.3,6,1,15.118399984203279,5
Hybrid,50,1,37.70099999383092,5
d_dense_control,86,1,23.62750004976988,5
d_mmr_1.0_10,96,2,17.25919998716563,5
d_mmr_1.0_10,78,2,20.883799996227026,5
d_mmr_1.0_10,43,1,19.054600037634373,5
d_mmr_1.0_10,88,2,18.853100016713142,5
Hybrid,35,2,33.60760002397001,5
d_threshold_0.3,83,0,22.497399942949414,5
BM25,18,0,17.37040001899004,5
d_mmr_1.0_10,10,2,18.98349996190518,5
d_threshold_0.3,44,2,16.449799994006753,5
Hybrid,58,2,36.45480005070567,5
Hybrid,49,0,38.646399974823,5
BM25,63,2,16.572799999266863,5
BM25,20,1,17.840499989688396,5
BM25,21,2,17.808500095270574,5
d_dense_control,88,0,19.264900009147823,5
d_mmr_1.0_10,3,0,22.082300041802227,5
BM25,59,1,16.57800003886223,5
d_threshold_0.3,72,0,19.101899932138622,5
d_mmr_1.0_10,61,2,26.752399979159236,5
BM25,69,2,20.29230003245175,5
BM25,95,0,16.10499992966652,5
Hybrid,52,1,36.77919995971024,5
Hybrid,67,0,41.75909992773086,5
Hybrid,87,2,35.2710000006482,5
BM25,17,0,17.999400035478175,5
BM25,76,0,18.08150007855147,5
d_mmr_1.0_10,36,1,20.66809998359531,5
