query_id,text
33bd358a,Contingent vs salaried labor flex ratio for Aptiv PLC.
0cf13966,"NIKE's Note 16 on commitments, contingencies, & litigation risk highlights potential legal exposure."
800b6da2,"MPWR buyback decision drivers include strong cash flow, stable margins, and solid EPS growth prospects."
71f3292e,MDT deferred rev cash flow predictability analysis.
67f0bc2a,"Breakdown of CVS CapEx allocation % for tech/digital vs store facilities, ticker at the end."
4014ac58,"ROL, RE/APIC dynamics impact on SH value & inv. capacity."
2f855a96,"In early-stage dev, predictive assays & biomarkers for therapy selection in Vertex."
fa08cbd4,FDIC legal impact on investor sentiment and valuation for BoA.
29149a0f,Cybersecurity cost structure for EQT vs benchmarks.
c37dca0a,ROK's revenue allocation for primary products vs incentives using the SSP method relative to its peer tickers.
1098a682,"Gartner govt contract risks rev reliability & cancellation clauses, IT sector."
0faa43e5,"The Home Depot board’s oversight roles include internal controls & risk mgmt, HD."
2b9ff3ae,Celanese Corp (CE) basic share count delta from 2022 to 2023 and its implications on share structure.
65b9bec9,"Product innovation, regulatory compliance, and differentiation at STERIS plc vs global & niche peers, TKR:STE."
6c777e2a,GNRC non-current assets evolution: prop/equip & intangibles impact on strat/growth.
e88ce2d1,"Amex's tech investments in fintech and its revenue margin outlook are noteworthy, AMT."
0daec318,EMN – 2023 div payout & cap allocation analysis for Eastman Chemical Co.
5d774c3a,"Wynn's SSR allocation influences revenue rec. & profit metrics, WYN."
f9c69b00,"HRL's point-in-time rev, impact of short-term contracts."
c250208a,SYF. Diversity @ Synchrony Fin. enhances comp. pos. while improving talent mgmt.
668b927a,"Refinancing risks, capital structure, and maturities for NDAQ."
cf2642de,Cybersecurity governance and operational risk mitigation at Tyson Foods.
8185bded,Oracle (ORCL) cybersecurity policies influence investor confidence & long-term growth.
037b46e9,Liquidity safety for FDIC insured deposits SCHW.
4b2547f5,Analysis of cash investing drivers for EXPE.
c3f1f26a,"Impact of WY exec skill mix on fin health & cap allocation, WY."
9ce734db,ATC MISO Tranche1 strategy WEC capital investments cash flow profitability outlook.
81793c8a,Repurchase program by BRK.A reflects optimal capital allocation & enhances valuation.
4967917b,"How do cybersecurity controls, audits, and board oversight at AKAM reduce growth & competitive risks? AKAM."
6410ae20,R&D expense of NXPI = per-employee allocation x 12K R&D headcount.
9b7ebf3e,Interest expense & income of West Pharmaceutical Services impact pre-tax earnings.
2f81464c,Payment commitments ratio & liquidity/cap allocation implications for CSX (2024-2028).
2afcec04,Growth in IP licensing and revenue recognition enhances competitive positioning for Hasbro (HAS).
af9492a5,"Impact on profitability and growth of clear aligner/scanner revenue recognition, cost structure, and discounting for ALGN."
2ce8db63,The impact of QUALCOMM’s (QCOM) cybersecurity breach on mkt positioning and mitigation efficacy.
a5dc1f70,Equity Residential (EQR): CEO dual role impacts on strat. & fin. perf.
9e890fac,UPS share repurchase volumes & expenses in 2023 vs 2022.
7b70306c,DFS liquidity risk mgmt under normal conditions vs. stress test impact for ticker.
15b5a805,ADI's eng. talent ratio & turnover impact on comp. innovation.
d45d63d3,2023 Morgan Stanley (MS) share buyback repurchase vol. & cost.
f58b0476,"Trends in CMS Energy's workforce from 2021-2023, comparing the Consumers segment to the overall company, ticker included."
39cb0ae3,Broadcom (AVGO) engineering strategy aims to sustain profits amid competition.
aeb7fc83,Audit & cyber committee of Kimco Realty (KIM) oversees cybersecurity capital allocation.
25376eba,CMI audit SET reporting impacts strategic oversight & competitive pos.
fcd400e9,Impact of revenue comp on profitability & growth for Bio-Rad (BIO).
88041b7f,"Analysis of liquidity, working cap, & asset reduction for Jabil, JBL."
a72b30bc,"DaVita's options for repurchase methods include several strategies, with the ticker involved in the execution."
5afca8e2,BX FY23 rev components reconcil validity.
214c8ab4,Regulatory impact on capital adequacy risk profile for FITB buyback.
166365be,"MetLife faces evolving reg., competitive dynamics impacting cap mgt. & risk mitigation, MET."
6a56ccd8,Exec role diversity at Sempra boosts investor confidence & drives growth/profitability; SRE.
866ef8da,"EBITDA contrib. calc. for AT&T employee (Z × 149,900) - T"
25a25dbe,Ticker CME implied NI calc 2023 (EPS x basic shares in k)
6c8d9611,"Carrier Global's contractual obligations lead to a decline in restricted cash, CARR."
2ef8185f,"TTWO FY2025 capex trend vs. historical data, implications for financial health."
af9f9651,"Tax benefits, cash outlays, and risks impact Steel Dynamics."
8185a29f,Cap allocation & pricing powers of CenterPoint Energy (CNP) vs. monopolistic utility benchmarks.
d1fdc0f4,Ratable rev rec termination for convenience impacts BRCM's recurring rev predictability.
a9128898,Darden Restaurants saw a change in FY operating costs.
4c4b85fd,C&B+D&A for UPS 2023 vs Total OpEx.
ab7f8163,Linde plc's rev. rec. for onsite merchant packaged ind. gases affects rev. timing & reliability.
a3f75c4c,"Share repurchase detail for Deckers in Feb, Mar, and May 9."
61b75f97,Impact of General Dynamics' cybersecurity stance on capex & investment strategy GD.
7c3d731b,"Kenvue's supply chain risk, cybersecurity controls, and supplier assessments affect earnings."
21c9dee5,Constellation Energy Corp (CEG) updates asbestos liability calc & actuarial assumptions for 2055.
501e7331,The labor costs and risk implications of union coverage by Quanta Services (PWR) are notable.
f5053c04,"MCD insider ownership shift impacts cap allocation, strategic investments, and mgmt confidence."
71f266f1,"Spectrum acquisitions for T-Mobile US capex focus on 5G deployment, T-Mobile."
4c8043e4,ED 2023 utility construction exp vs history: impact of infra financing & short-term debt.
d568d2e6,"Autodesk's strategy on digital pipeline (ADSK) aims to enhance productivity, boost sustainability, and maximize financial impact."
af3b122c,Impact of no share repurchase on EPS & ROE for CNP.
7d96081d,Strategic priorities analysis on cybersecurity vs R&D spend at Adobe (ADBE)
ff2cf386,"For GE, how to gauge the impact of discontinued ops on EPS for 2023 by comparing diluted net EPS vs. continuing EPS?"
662d106f,HRL - Impact of 300 employee contract renegotiation on labor costs & ops.
96373e8a,PSA ancillary rev calc shows 20% upside.
1b837a04,JCI's cybersecurity insurance impact on revs & remediation recovery.
6a9fccf8,Implications of capital allocation for Cummins Inc. with no OM repurchases; CMI.
10a0e925,"AOS notes the impact of interest rates on insurers' debt mix, especially regarding long-term financing."
91a5521c,Non-cash adj & working cap impact on cash flow & earnings quality at DVA.
b9d5a3e0,2023 operating income and profitability impact for INVH.
7c6e2326,Key financial officers on the DRI board impact financial mgmt transparency.
1ffb9268,"Analysis of TXT D&A vs capex 2023 by segment asset lifecycle, ticker."
6237ed8d,FNSC cybersecurity risk mgmt & fin loss mitigation.
9137d00c,3Y rev/OP/OPI perf & mkts dynamics for SBAC int'l site leasing.
631f67f4,Q4 repurchase volume & avg price monthly breakdown for OTIS.
e58b0d4f,Change in significance of GS unsecured LT borrowings from 2022 to 2023 with ticker at the end.
b77b94f8,Operational scale of permanent employees at FedEx as of 5/31/24.
d414f672,AIZ runoff exposure cash flow risk from reinsurer default & client non-payment.
41f10609,"Eaton’s rev. transparency on perf. obligations uses input measures, ETN."
7b795372,"SYY's cybersecurity integration, strategic planning, and capital allocation strategies aim to enhance investor confidence."
729e9e22,Impact on OPEX & breach cost savings due to SFI investment by MSFT.
f6d8272a,CF from property sales vs. acquisitions/renovations impacts asset strategy for INVH.
7adaeced,"Kenvue's (KVUE) risk mgmt, competitive threats, & future valuation."
c64d8ea1,"Zoetis' CEO background influences strategic cap allocation, affecting financial perf among stakeholders."
b8f2e37f,"Turnover rates & demographics of WMB employees affect competitive positioning & operational efficiency, WMB."
a746930b,"Risk & perf of display diversification for Semiconductor Systems, AGS, with the AMAT."
65f007c7,Cyber KPIs & risk metrics valuation for News Corp.
3f9c9ea2,"Impact on cash flow, liquidity & financial health from Oracle's (ORCL) 90-day financ receivables sale."
ea5f5acc,MPS talent retention risk impacts ops stability & innovation.
e32c413c,"CSGP's deferred rev, contract asset, and liquidity mgt impact."
