k,n_queries,precision_at_k,recall_at_k,hit_rate_at_k,mrr_at_k,ndcg_at_k,method_id,config,representation,dense_weight,candidate_depth,latency_ms_per_query,owner,dataset_id,corpus_sha256,qa_sha256,evaluation_scope,answer_status,oracle_gap_closed
5,100,0.078,0.39,0.39,0.22599999999999998,0.26661126045144184,short_answer_len32_t0_seed20261006__multi_rrf__hybrid_a0.25_d100,short_answer_len32_t0_seed20261006,multi_rrf_hybrid,0.25,100,1010.7435024899985,Cheryl,isaacus/legal-rag-bench,3a3565bc5429f6cead90548e81f87352b449927e4be1cdd804c28d766bb9c246,e3b869a4e293d081ec5f5b39c2058c8d27b36f611aa9f8275eb1877a7c8b38b0,exploratory previously inspected 100 questions,not_evaluated,0.2325581395348838
5,100,0.076,0.38,0.38,0.22399999999999998,0.26274273237909646,short_answer_len96_t0_seed20261006__multi_rrf__hybrid_a0.25_d100,short_answer_len96_t0_seed20261006,multi_rrf_hybrid,0.25,100,897.7564065699983,Cheryl,isaacus/legal-rag-bench,3a3565bc5429f6cead90548e81f87352b449927e4be1cdd804c28d766bb9c246,e3b869a4e293d081ec5f5b39c2058c8d27b36f611aa9f8275eb1877a7c8b38b0,exploratory previously inspected 100 questions,not_evaluated,0.20930232558139542
5,100,0.072,0.36,0.36,0.249,0.2764334348433819,standard_hybrid,baseline,hybrid,0.25,100,11.789168669999981,Cheryl,isaacus/legal-rag-bench,3a3565bc5429f6cead90548e81f87352b449927e4be1cdd804c28d766bb9c246,e3b869a4e293d081ec5f5b39c2058c8d27b36f611aa9f8275eb1877a7c8b38b0,exploratory previously inspected 100 questions,not_evaluated,0.16279069767441862
5,100,0.072,0.36,0.36,0.24416666666666667,0.2727373173896455,short_answer_len32_t0_seed20261006__question_plus_hyde__hybrid_a0.25_d100,short_answer_len32_t0_seed20261006,question_plus_hyde_hybrid,0.25,100,337.14614189666577,Cheryl,isaacus/legal-rag-bench,3a3565bc5429f6cead90548e81f87352b449927e4be1cdd804c28d766bb9c246,e3b869a4e293d081ec5f5b39c2058c8d27b36f611aa9f8275eb1877a7c8b38b0,exploratory previously inspected 100 questions,not_evaluated,0.16279069767441862
5,100,0.072,0.36,0.36,0.24416666666666667,0.2727373173896455,short_answer_len96_t0_seed20261006__question_plus_hyde__hybrid_a0.25_d100,short_answer_len96_t0_seed20261006,question_plus_hyde_hybrid,0.25,100,299.48800477666396,Cheryl,isaacus/legal-rag-bench,3a3565bc5429f6cead90548e81f87352b449927e4be1cdd804c28d766bb9c246,e3b869a4e293d081ec5f5b39c2058c8d27b36f611aa9f8275eb1877a7c8b38b0,exploratory previously inspected 100 questions,not_evaluated,0.16279069767441862
5,100,0.072,0.36,0.36,0.23566666666666666,0.26706215773473363,short_answer_len32_t0.7_seed20261006__multi_rrf__hybrid_a0.25_d20,short_answer_len32_t0.7_seed20261006,multi_rrf_hybrid,0.25,20,1093.4668609800008,Cheryl,isaacus/legal-rag-bench,3a3565bc5429f6cead90548e81f87352b449927e4be1cdd804c28d766bb9c246,e3b869a4e293d081ec5f5b39c2058c8d27b36f611aa9f8275eb1877a7c8b38b0,exploratory previously inspected 100 questions,not_evaluated,0.16279069767441862
5,100,0.072,0.36,0.36,0.19766666666666666,0.23815774813001475,short_answer_len32_t0.7_seed20261006__multi_rrf__hybrid_a0.25_d100,short_answer_len32_t0.7_seed20261006,multi_rrf_hybrid,0.25,100,1093.5275028099989,Cheryl,isaacus/legal-rag-bench,3a3565bc5429f6cead90548e81f87352b449927e4be1cdd804c28d766bb9c246,e3b869a4e293d081ec5f5b39c2058c8d27b36f611aa9f8275eb1877a7c8b38b0,exploratory previously inspected 100 questions,not_evaluated,0.16279069767441862
5,100,0.06999999999999999,0.35,0.35,0.2445,0.2712682690102251,short_answer_len32_t0_seed20261006__hyde_single__hybrid_a0.25_d20,short_answer_len32_t0_seed20261006,hyde_single_hybrid,0.25,20,337.08058094666626,Cheryl,isaacus/legal-rag-bench,3a3565bc5429f6cead90548e81f87352b449927e4be1cdd804c28d766bb9c246,e3b869a4e293d081ec5f5b39c2058c8d27b36f611aa9f8275eb1877a7c8b38b0,exploratory previously inspected 100 questions,not_evaluated,0.13953488372093023
5,100,0.06999999999999999,0.35,0.35,0.2445,0.2712682690102251,short_answer_len96_t0_seed20261006__hyde_single__hybrid_a0.25_d20,short_answer_len96_t0_seed20261006,hyde_single_hybrid,0.25,20,299.40481865666584,Cheryl,isaacus/legal-rag-bench,3a3565bc5429f6cead90548e81f87352b449927e4be1cdd804c28d766bb9c246,e3b869a4e293d081ec5f5b39c2058c8d27b36f611aa9f8275eb1877a7c8b38b0,exploratory previously inspected 100 questions,not_evaluated,0.13953488372093023
5,100,0.06999999999999999,0.35,0.35,0.244,0.2704384987533432,short_answer_len32_t0.7_seed20261006__question_plus_hyde__hybrid_a0.25_d100,short_answer_len32_t0.7_seed20261006,question_plus_hyde_hybrid,0.25,100,364.7312251799997,Cheryl,isaacus/legal-rag-bench,3a3565bc5429f6cead90548e81f87352b449927e4be1cdd804c28d766bb9c246,e3b869a4e293d081ec5f5b39c2058c8d27b36f611aa9f8275eb1877a7c8b38b0,exploratory previously inspected 100 questions,not_evaluated,0.13953488372093023
5,100,0.06999999999999999,0.35,0.35,0.244,0.2704384987533432,short_answer_len96_t0.7_seed20261006__question_plus_hyde__hybrid_a0.25_d100,short_answer_len96_t0.7_seed20261006,question_plus_hyde_hybrid,0.25,100,476.6231458699981,Cheryl,isaacus/legal-rag-bench,3a3565bc5429f6cead90548e81f87352b449927e4be1cdd804c28d766bb9c246,e3b869a4e293d081ec5f5b39c2058c8d27b36f611aa9f8275eb1877a7c8b38b0,exploratory previously inspected 100 questions,not_evaluated,0.13953488372093023
5,100,0.06999999999999999,0.35,0.35,0.23866666666666667,0.2671986935723495,short_answer_len32_t0.7_seed20261006__hyde_single__hybrid_a0.25_d20,short_answer_len32_t0.7_seed20261006,hyde_single_hybrid,0.25,20,364.6710009900005,Cheryl,isaacus/legal-rag-bench,3a3565bc5429f6cead90548e81f87352b449927e4be1cdd804c28d766bb9c246,e3b869a4e293d081ec5f5b39c2058c8d27b36f611aa9f8275eb1877a7c8b38b0,exploratory previously inspected 100 questions,not_evaluated,0.13953488372093023
