generator,revision,style,length,temperature,seed,prompts,question_hash,batch_size,generation_rules,config,generation_3hyp_ms_per_query,mean_hypothesis_words
google/flan-t5-base,7bcac572ce56db69c1ea7c8af255c5d7c9672fc2,evidence_passage,32,0.7,20261006,"['Generate the type of legal passage that would contain the evidence needed to answer this question about Victorian criminal law. Question: {q} Legal passage:', 'Write a passage from a Victorian criminal-law guide explaining the relevant rule and its conditions. Question: {q} Legal passage:', 'Write a legal evidence passage describing the procedure and exceptions relevant to this Victorian criminal-law question. Question: {q} Legal passage:']",c3aa8465ed8351ca10f60411028ad9f6ad81054e00d853be3ac16ab8f0b262e0,8,"{'num_beams': 1, 'repetition_penalty': 1.2, 'no_repeat_ngram_size': 3, 'top_p_when_sampling': 0.9, 'input_max_length': 512}",evidence_passage_len32_t0.7_seed20261006,2495.795246880002,19.116666666666667
google/flan-t5-base,7bcac572ce56db69c1ea7c8af255c5d7c9672fc2,evidence_passage,32,0.0,20261006,"['Generate the type of legal passage that would contain the evidence needed to answer this question about Victorian criminal law. Question: {q} Legal passage:', 'Write a passage from a Victorian criminal-law guide explaining the relevant rule and its conditions. Question: {q} Legal passage:', 'Write a legal evidence passage describing the procedure and exceptions relevant to this Victorian criminal-law question. Question: {q} Legal passage:']",c3aa8465ed8351ca10f60411028ad9f6ad81054e00d853be3ac16ab8f0b262e0,8,"{'num_beams': 1, 'repetition_penalty': 1.2, 'no_repeat_ngram_size': 3, 'top_p_when_sampling': 0.9, 'input_max_length': 512}",evidence_passage_len32_t0_seed20261006,1812.3904086999985,18.583333333333332
google/flan-t5-base,7bcac572ce56db69c1ea7c8af255c5d7c9672fc2,evidence_passage,96,0.7,20261006,"['Generate the type of legal passage that would contain the evidence needed to answer this question about Victorian criminal law. Question: {q} Legal passage:', 'Write a passage from a Victorian criminal-law guide explaining the relevant rule and its conditions. Question: {q} Legal passage:', 'Write a legal evidence passage describing the procedure and exceptions relevant to this Victorian criminal-law question. Question: {q} Legal passage:']",c3aa8465ed8351ca10f60411028ad9f6ad81054e00d853be3ac16ab8f0b262e0,8,"{'num_beams': 1, 'repetition_penalty': 1.2, 'no_repeat_ngram_size': 3, 'top_p_when_sampling': 0.9, 'input_max_length': 512}",evidence_passage_len96_t0.7_seed20261006,3924.887246079998,27.673333333333332
google/flan-t5-base,7bcac572ce56db69c1ea7c8af255c5d7c9672fc2,evidence_passage,96,0.7,20261007,"['Generate the type of legal passage that would contain the evidence needed to answer this question about Victorian criminal law. Question: {q} Legal passage:', 'Write a passage from a Victorian criminal-law guide explaining the relevant rule and its conditions. Question: {q} Legal passage:', 'Write a legal evidence passage describing the procedure and exceptions relevant to this Victorian criminal-law question. Question: {q} Legal passage:']",c3aa8465ed8351ca10f60411028ad9f6ad81054e00d853be3ac16ab8f0b262e0,8,"{'num_beams': 1, 'repetition_penalty': 1.2, 'no_repeat_ngram_size': 3, 'top_p_when_sampling': 0.9, 'input_max_length': 512}",evidence_passage_len96_t0.7_seed20261007,2611.9848538900037,29.33
google/flan-t5-base,7bcac572ce56db69c1ea7c8af255c5d7c9672fc2,evidence_passage,96,0.7,20261008,"['Generate the type of legal passage that would contain the evidence needed to answer this question about Victorian criminal law. Question: {q} Legal passage:', 'Write a passage from a Victorian criminal-law guide explaining the relevant rule and its conditions. Question: {q} Legal passage:', 'Write a legal evidence passage describing the procedure and exceptions relevant to this Victorian criminal-law question. Question: {q} Legal passage:']",c3aa8465ed8351ca10f60411028ad9f6ad81054e00d853be3ac16ab8f0b262e0,8,"{'num_beams': 1, 'repetition_penalty': 1.2, 'no_repeat_ngram_size': 3, 'top_p_when_sampling': 0.9, 'input_max_length': 512}",evidence_passage_len96_t0.7_seed20261008,4974.860856260002,27.23
google/flan-t5-base,7bcac572ce56db69c1ea7c8af255c5d7c9672fc2,evidence_passage,96,0.0,20261006,"['Generate the type of legal passage that would contain the evidence needed to answer this question about Victorian criminal law. Question: {q} Legal passage:', 'Write a passage from a Victorian criminal-law guide explaining the relevant rule and its conditions. Question: {q} Legal passage:', 'Write a legal evidence passage describing the procedure and exceptions relevant to this Victorian criminal-law question. Question: {q} Legal passage:']",c3aa8465ed8351ca10f60411028ad9f6ad81054e00d853be3ac16ab8f0b262e0,8,"{'num_beams': 1, 'repetition_penalty': 1.2, 'no_repeat_ngram_size': 3, 'top_p_when_sampling': 0.9, 'input_max_length': 512}",evidence_passage_len96_t0_seed20261006,3444.35153141,27.75
google/flan-t5-base,7bcac572ce56db69c1ea7c8af255c5d7c9672fc2,short_answer,32,0.7,20261006,"['Generate a concise answer to this Australian criminal-law question. Question: {q} Answer:', 'State the legal rule needed to answer this Australian criminal-law question. Question: {q} Answer:', 'Explain the legal procedure relevant to this Australian criminal-law question. Question: {q} Answer:']",c3aa8465ed8351ca10f60411028ad9f6ad81054e00d853be3ac16ab8f0b262e0,8,"{'num_beams': 1, 'repetition_penalty': 1.2, 'no_repeat_ngram_size': 3, 'top_p_when_sampling': 0.9, 'input_max_length': 512}",short_answer_len32_t0.7_seed20261006,1087.4239626300005,5.97
google/flan-t5-base,7bcac572ce56db69c1ea7c8af255c5d7c9672fc2,short_answer,32,0.0,20261006,"['Generate a concise answer to this Australian criminal-law question. Question: {q} Answer:', 'State the legal rule needed to answer this Australian criminal-law question. Question: {q} Answer:', 'Explain the legal procedure relevant to this Australian criminal-law question. Question: {q} Answer:']",c3aa8465ed8351ca10f60411028ad9f6ad81054e00d853be3ac16ab8f0b262e0,8,"{'num_beams': 1, 'repetition_penalty': 1.2, 'no_repeat_ngram_size': 3, 'top_p_when_sampling': 0.9, 'input_max_length': 512}",short_answer_len32_t0_seed20261006,1001.0608007199994,5.27
google/flan-t5-base,7bcac572ce56db69c1ea7c8af255c5d7c9672fc2,short_answer,96,0.7,20261006,"['Generate a concise answer to this Australian criminal-law question. Question: {q} Answer:', 'State the legal rule needed to answer this Australian criminal-law question. Question: {q} Answer:', 'Explain the legal procedure relevant to this Australian criminal-law question. Question: {q} Answer:']",c3aa8465ed8351ca10f60411028ad9f6ad81054e00d853be3ac16ab8f0b262e0,8,"{'num_beams': 1, 'repetition_penalty': 1.2, 'no_repeat_ngram_size': 3, 'top_p_when_sampling': 0.9, 'input_max_length': 512}",short_answer_len96_t0.7_seed20261006,1420.8385003299984,6.946666666666666
google/flan-t5-base,7bcac572ce56db69c1ea7c8af255c5d7c9672fc2,short_answer,96,0.0,20261006,"['Generate a concise answer to this Australian criminal-law question. Question: {q} Answer:', 'State the legal rule needed to answer this Australian criminal-law question. Question: {q} Answer:', 'Explain the legal procedure relevant to this Australian criminal-law question. Question: {q} Answer:']",c3aa8465ed8351ca10f60411028ad9f6ad81054e00d853be3ac16ab8f0b262e0,8,"{'num_beams': 1, 'repetition_penalty': 1.2, 'no_repeat_ngram_size': 3, 'top_p_when_sampling': 0.9, 'input_max_length': 512}",short_answer_len96_t0_seed20261006,889.479645429999,5.716666666666667
