config,mean_words,mean_tokens,truncation_rate,empty_rate,three_words_or_less_rate
evidence_passage_len32_t0.7_seed20261006,19.116666666666667,24.29,0.0,0.0,0.01
evidence_passage_len32_t0_seed20261006,18.583333333333332,24.003333333333334,0.0,0.0,0.01
evidence_passage_len96_t0.7_seed20261006,27.673333333333332,34.696666666666665,0.0,0.0,0.013333333333333334
evidence_passage_len96_t0.7_seed20261007,29.33,36.593333333333334,0.0,0.0,0.01
evidence_passage_len96_t0.7_seed20261008,27.23,34.32333333333333,0.0,0.0,0.01
evidence_passage_len96_t0_seed20261006,27.75,35.32666666666667,0.0,0.0,0.01
short_answer_len32_t0.7_seed20261006,5.97,8.813333333333333,0.0,0.0,0.5166666666666667
short_answer_len32_t0_seed20261006,5.27,8.02,0.0,0.0,0.5833333333333334
short_answer_len96_t0.7_seed20261006,6.946666666666666,9.95,0.0,0.0,0.5366666666666666
short_answer_len96_t0_seed20261006,5.716666666666667,8.57,0.0,0.0,0.5833333333333334
