query_id,question,gold_passage_id,candidate,candidate_gold_rank,standard_hybrid_gold_rank,category
3,"Isaac is on trial for statutory murder of an emergency worker. You are his barrister. Should you notify the jury that, according to the Crimes Act 1958, the standard sentence for this offence is 30 years imprisonment?",1.5-c6-s1,short_answer_len32_t0_seed20261006__multi_rrf__hybrid_a0.25_d100,11,5,hurts
5,"Frank and Joe are jurors in an arson trial. Over the weekend, Joe finds photos of the accused holding a petrol canister and texts them to Frank. Having received this new information, what should Frank do?",1.5-c8-s1,short_answer_len32_t0_seed20261006__multi_rrf__hybrid_a0.25_d100,28,5,hurts
6,Does the standard of proof of “beyond reasonable doubt” imply that the jury must be fully convinced of every claim the prosecution has made?,1.7-c3-s2,short_answer_len32_t0_seed20261006__multi_rrf__hybrid_a0.25_d100,3,7,helps
13,"Sophie and Hazel are two of twelve jurors in a trial. Both are uncertain of their verdict, while the remaining ten jurors believe the accused is guilty. The jury is becoming frustrated with Sophie and Hazel's indecision, but the judge instructs the jury to continue deliberating. What is this instruction called?",3.13-c2-s1,short_answer_len32_t0_seed20261006__multi_rrf__hybrid_a0.25_d100,3,6,helps
20,"Liam is on trial for arson. His sister gives evidence that, at a family dinner, she said, “The police think you set fire to Dad’s shed. You didn’t do it, did you?” Liam, who had been speaking normally, then went silent and looked down. Can this be used as evidence probative of guilt?",4.6-c4-s1,short_answer_len32_t0_seed20261006__multi_rrf__hybrid_a0.25_d100,19,2,hurts
24,"In a criminal trial, defence counsel fails to challenge an important part of a prosecution witness’s evidence and later runs a case theory inconsistent with that evidence. The prosecution complains that this has caused unfairness. As the trial judge, how should you decide what to do about it?",4.11-c8-s1,short_answer_len32_t0_seed20261006__multi_rrf__hybrid_a0.25_d100,1,21,helps
26,"One of the elements of aggravated carjacking is the use of a weapon or causing injury to another person (Crimes Act 1958 s 79A). Smith witnesses an aggravated carjacking late at night. He sees the offender wield a weapon but does not get a good look at their face. A year later, he positively identifies the accused, saying he “recognised him immediately from the daytime photo the police showed me last year.” What cognitive bias, about which the jury is educated, may be relevant in this case?",4.12.2-c1-s1,short_answer_len32_t0_seed20261006__multi_rrf__hybrid_a0.25_d100,3,30,helps
38,Daisy witnessed a murder in her prison and is called by the prosecution to give evidence. Is she a “prison informer”?,4.23-c2-s1,short_answer_len32_t0_seed20261006__multi_rrf__hybrid_a0.25_d100,4,6,helps
49,"Liam throws a heavy brick off a freeway overpass into peak-hour traffic. He later tells police, “I knew it might hit a car, but I didn’t really think much more about it.” At trial, the prosecution tells the jury that recklessness is established if Liam knew the brick “might” cause harm. Why is this an incorrect statement of the legal test for recklessness in Victoria?",7.1.3-c1-s3,short_answer_len32_t0_seed20261006__multi_rrf__hybrid_a0.25_d100,1,7,helps
68,"Assume the year is 2012. Why is it problematic for a judge to direct the jury that the prosecution must prove the accused “intended to commit rape in the sense that, at the time of penetration, he knew the complainant was not or might not be consenting”?",7.3.2-c3-s1,short_answer_len32_t0_seed20261006__multi_rrf__hybrid_a0.25_d100,7,4,hurts
92,"One element of theft is an intention to permanently deprive the owner of property. Nicholas threatens to smash his neighbour’s car unless she pays him $500 “for the damage you did last year,” an amount she genuinely owes. He intends to keep the $500 permanently but makes no claim over any other property. On these facts, which offence does his state of mind more clearly support – theft or blackmail – and why?",7.5.15-c3-s1,short_answer_len32_t0_seed20261006__multi_rrf__hybrid_a0.25_d100,3,9,helps
