k,candidate_only_hits,baseline_only_hits,net_hit_difference,mcnemar_exact_p,method_id,baseline,holm_adjusted_p
5,3,27,-24,8.430331945419312e-06,short_answer_len32_t0_seed20261006__hyde_single,question_dense,0.002191886305809021
5,4,5,-1,1.0,short_answer_len32_t0_seed20261006__hyde_single__hybrid_a0.25_d20,standard_hybrid,1.0
5,4,6,-2,0.75390625,short_answer_len32_t0_seed20261006__hyde_single__hybrid_a0.5_d20,standard_hybrid,1.0
5,4,32,-28,1.941574737429619e-06,short_answer_len32_t0_seed20261006__hyde_single__hybrid_a0.75_d20,standard_hybrid,0.0005319914780557156
5,5,6,-1,1.0,short_answer_len32_t0_seed20261006__hyde_single__hybrid_a0.25_d100,standard_hybrid,1.0
5,6,14,-8,0.1153182983398437,short_answer_len32_t0_seed20261006__hyde_single__hybrid_a0.5_d100,standard_hybrid,1.0
5,5,33,-28,4.255962267052382e-06,short_answer_len32_t0_seed20261006__hyde_single__hybrid_a0.75_d100,standard_hybrid,0.0011448538498370908
5,2,2,0,1.0,short_answer_len32_t0_seed20261006__question_plus_hyde,question_dense,1.0
5,2,7,-5,0.1796875,short_answer_len32_t0_seed20261006__question_plus_hyde__hybrid_a0.25_d20,standard_hybrid,1.0
5,7,10,-3,0.629058837890625,short_answer_len32_t0_seed20261006__question_plus_hyde__hybrid_a0.5_d20,standard_hybrid,1.0
5,11,15,-4,0.557197093963623,short_answer_len32_t0_seed20261006__question_plus_hyde__hybrid_a0.75_d20,standard_hybrid,1.0
5,1,1,0,1.0,short_answer_len32_t0_seed20261006__question_plus_hyde__hybrid_a0.25_d100,standard_hybrid,1.0
5,4,6,-2,0.75390625,short_answer_len32_t0_seed20261006__question_plus_hyde__hybrid_a0.5_d100,standard_hybrid,1.0
5,10,12,-2,0.8318119049072266,short_answer_len32_t0_seed20261006__question_plus_hyde__hybrid_a0.75_d100,standard_hybrid,1.0
5,3,25,-22,2.744048833847046e-05,short_answer_len32_t0_seed20261006__multi_average,question_dense,0.006887562572956085
5,3,8,-5,0.2265625,short_answer_len32_t0_seed20261006__multi_average__hybrid_a0.25_d20,standard_hybrid,1.0
5,3,9,-6,0.14599609375,short_answer_len32_t0_seed20261006__multi_average__hybrid_a0.5_d20,standard_hybrid,1.0
5,4,29,-25,1.0928604751825333e-05,short_answer_len32_t0_seed20261006__multi_average__hybrid_a0.75_d20,standard_hybrid,0.002819580025970936
5,6,8,-2,0.79052734375,short_answer_len32_t0_seed20261006__multi_average__hybrid_a0.25_d100,standard_hybrid,1.0
5,7,16,-9,0.0931396484375,short_answer_len32_t0_seed20261006__multi_average__hybrid_a0.5_d100,standard_hybrid,1.0
5,5,30,-25,2.2361520677804947e-05,short_answer_len32_t0_seed20261006__multi_average__hybrid_a0.75_d100,standard_hybrid,0.0056574647314846516
5,4,26,-22,5.9476122260093696e-05,short_answer_len32_t0_seed20261006__multi_rrf,question_dense,0.014274269342422487
5,3,8,-5,0.2265625,short_answer_len32_t0_seed20261006__multi_rrf__hybrid_a0.25_d20,standard_hybrid,1.0
5,4,8,-4,0.3876953125,short_answer_len32_t0_seed20261006__multi_rrf__hybrid_a0.5_d20,standard_hybrid,1.0
5,4,30,-26,6.16488978266716e-06,short_answer_len32_t0_seed20261006__multi_rrf__hybrid_a0.75_d20,standard_hybrid,0.0016275309026241302
5,7,4,3,0.548828125,short_answer_len32_t0_seed20261006__multi_rrf__hybrid_a0.25_d100,standard_hybrid,1.0
5,6,15,-9,0.0783538818359375,short_answer_len32_t0_seed20261006__multi_rrf__hybrid_a0.5_d100,standard_hybrid,1.0
5,5,29,-24,3.8558151572942734e-05,short_answer_len32_t0_seed20261006__multi_rrf__hybrid_a0.75_d100,standard_hybrid,0.00944674713537097
5,4,27,-23,3.39532271027565e-05,short_answer_len32_t0.7_seed20261006__hyde_single,question_dense,0.008420400321483612
5,3,4,-1,1.0,short_answer_len32_t0.7_seed20261006__hyde_single__hybrid_a0.25_d20,standard_hybrid,1.0
5,4,6,-2,0.75390625,short_answer_len32_t0.7_seed20261006__hyde_single__hybrid_a0.5_d20,standard_hybrid,1.0
5,3,30,-27,1.4011748135089874e-06,short_answer_len32_t0.7_seed20261006__hyde_single__hybrid_a0.75_d20,standard_hybrid,0.0003909277729690075
5,3,5,-2,0.7265625,short_answer_len32_t0.7_seed20261006__hyde_single__hybrid_a0.25_d100,standard_hybrid,1.0
5,4,9,-5,0.266845703125,short_answer_len32_t0.7_seed20261006__hyde_single__hybrid_a0.5_d100,standard_hybrid,1.0
5,4,31,-27,3.465451300144196e-06,short_answer_len32_t0.7_seed20261006__hyde_single__hybrid_a0.75_d100,standard_hybrid,0.0009426027536392213
5,3,3,0,1.0,short_answer_len32_t0.7_seed20261006__question_plus_hyde,question_dense,1.0
5,2,6,-4,0.2890625,short_answer_len32_t0.7_seed20261006__question_plus_hyde__hybrid_a0.25_d20,standard_hybrid,1.0
5,6,8,-2,0.79052734375,short_answer_len32_t0.7_seed20261006__question_plus_hyde__hybrid_a0.5_d20,standard_hybrid,1.0
5,11,14,-3,0.6900379657745361,short_answer_len32_t0.7_seed20261006__question_plus_hyde__hybrid_a0.75_d20,standard_hybrid,1.0
5,1,2,-1,1.0,short_answer_len32_t0.7_seed20261006__question_plus_hyde__hybrid_a0.25_d100,standard_hybrid,1.0
5,5,6,-1,1.0,short_answer_len32_t0.7_seed20261006__question_plus_hyde__hybrid_a0.5_d100,standard_hybrid,1.0
5,9,11,-2,0.8238029479980469,short_answer_len32_t0.7_seed20261006__question_plus_hyde__hybrid_a0.75_d100,standard_hybrid,1.0
5,4,25,-21,0.0001037158071994,short_answer_len32_t0.7_seed20261006__multi_average,question_dense,0.0246843621134572
5,3,5,-2,0.7265625,short_answer_len32_t0.7_seed20261006__multi_average__hybrid_a0.25_d20,standard_hybrid,1.0
5,3,8,-5,0.2265625,short_answer_len32_t0.7_seed20261006__multi_average__hybrid_a0.5_d20,standard_hybrid,1.0
5,3,30,-27,1.4011748135089874e-06,short_answer_len32_t0.7_seed20261006__multi_average__hybrid_a0.75_d20,standard_hybrid,0.0003909277729690075
5,3,6,-3,0.5078125,short_answer_len32_t0.7_seed20261006__multi_average__hybrid_a0.25_d100,standard_hybrid,1.0
5,5,13,-8,0.09625244140625,short_answer_len32_t0.7_seed20261006__multi_average__hybrid_a0.5_d100,standard_hybrid,1.0
5,5,29,-24,3.8558151572942734e-05,short_answer_len32_t0.7_seed20261006__multi_average__hybrid_a0.75_d100,standard_hybrid,0.00944674713537097
5,5,26,-21,0.0001921951770782,short_answer_len32_t0.7_seed20261006__multi_rrf,question_dense,0.044973671436298795
5,4,4,0,1.0,short_answer_len32_t0.7_seed20261006__multi_rrf__hybrid_a0.25_d20,standard_hybrid,1.0
5,4,7,-3,0.548828125,short_answer_len32_t0.7_seed20261006__multi_rrf__hybrid_a0.5_d20,standard_hybrid,1.0
5,4,29,-25,1.0928604751825333e-05,short_answer_len32_t0.7_seed20261006__multi_rrf__hybrid_a0.75_d20,standard_hybrid,0.002819580025970936
5,5,5,0,1.0,short_answer_len32_t0.7_seed20261006__multi_rrf__hybrid_a0.25_d100,standard_hybrid,1.0
5,9,13,-4,0.5234670639038086,short_answer_len32_t0.7_seed20261006__multi_rrf__hybrid_a0.5_d100,standard_hybrid,1.0
5,7,29,-22,0.000312551157549,short_answer_len32_t0.7_seed20261006__multi_rrf__hybrid_a0.75_d100,standard_hybrid,0.071574215078721
5,3,28,-25,4.649162292480469e-06,short_answer_len96_t0_seed20261006__hyde_single,question_dense,0.0012413263320922852
5,4,5,-1,1.0,short_answer_len96_t0_seed20261006__hyde_single__hybrid_a0.25_d20,standard_hybrid,1.0
5,4,6,-2,0.75390625,short_answer_len96_t0_seed20261006__hyde_single__hybrid_a0.5_d20,standard_hybrid,1.0
5,4,32,-28,1.941574737429619e-06,short_answer_len96_t0_seed20261006__hyde_single__hybrid_a0.75_d20,standard_hybrid,0.0005319914780557156
5,5,6,-1,1.0,short_answer_len96_t0_seed20261006__hyde_single__hybrid_a0.25_d100,standard_hybrid,1.0
5,6,14,-8,0.1153182983398437,short_answer_len96_t0_seed20261006__hyde_single__hybrid_a0.5_d100,standard_hybrid,1.0
5,5,33,-28,4.255962267052382e-06,short_answer_len96_t0_seed20261006__hyde_single__hybrid_a0.75_d100,standard_hybrid,0.0011448538498370908
5,2,2,0,1.0,short_answer_len96_t0_seed20261006__question_plus_hyde,question_dense,1.0
5,2,7,-5,0.1796875,short_answer_len96_t0_seed20261006__question_plus_hyde__hybrid_a0.25_d20,standard_hybrid,1.0
5,7,10,-3,0.629058837890625,short_answer_len96_t0_seed20261006__question_plus_hyde__hybrid_a0.5_d20,standard_hybrid,1.0
5,11,15,-4,0.557197093963623,short_answer_len96_t0_seed20261006__question_plus_hyde__hybrid_a0.75_d20,standard_hybrid,1.0
5,1,1,0,1.0,short_answer_len96_t0_seed20261006__question_plus_hyde__hybrid_a0.25_d100,standard_hybrid,1.0
5,4,6,-2,0.75390625,short_answer_len96_t0_seed20261006__question_plus_hyde__hybrid_a0.5_d100,standard_hybrid,1.0
5,10,12,-2,0.8318119049072266,short_answer_len96_t0_seed20261006__question_plus_hyde__hybrid_a0.75_d100,standard_hybrid,1.0
5,3,25,-22,2.744048833847046e-05,short_answer_len96_t0_seed20261006__multi_average,question_dense,0.006887562572956085
5,3,8,-5,0.2265625,short_answer_len96_t0_seed20261006__multi_average__hybrid_a0.25_d20,standard_hybrid,1.0
5,3,9,-6,0.14599609375,short_answer_len96_t0_seed20261006__multi_average__hybrid_a0.5_d20,standard_hybrid,1.0
5,4,29,-25,1.0928604751825333e-05,short_answer_len96_t0_seed20261006__multi_average__hybrid_a0.75_d20,standard_hybrid,0.002819580025970936
5,6,8,-2,0.79052734375,short_answer_len96_t0_seed20261006__multi_average__hybrid_a0.25_d100,standard_hybrid,1.0
5,7,17,-10,0.0639146566390991,short_answer_len96_t0_seed20261006__multi_average__hybrid_a0.5_d100,standard_hybrid,1.0
5,5,30,-25,2.2361520677804947e-05,short_answer_len96_t0_seed20261006__multi_average__hybrid_a0.75_d100,standard_hybrid,0.0056574647314846516
5,4,26,-22,5.9476122260093696e-05,short_answer_len96_t0_seed20261006__multi_rrf,question_dense,0.014274269342422487
5,3,8,-5,0.2265625,short_answer_len96_t0_seed20261006__multi_rrf__hybrid_a0.25_d20,standard_hybrid,1.0
5,4,8,-4,0.3876953125,short_answer_len96_t0_seed20261006__multi_rrf__hybrid_a0.5_d20,standard_hybrid,1.0
5,4,30,-26,6.16488978266716e-06,short_answer_len96_t0_seed20261006__multi_rrf__hybrid_a0.75_d20,standard_hybrid,0.0016275309026241302
5,7,5,2,0.7744140625,short_answer_len96_t0_seed20261006__multi_rrf__hybrid_a0.25_d100,standard_hybrid,1.0
5,6,15,-9,0.0783538818359375,short_answer_len96_t0_seed20261006__multi_rrf__hybrid_a0.5_d100,standard_hybrid,1.0
5,5,29,-24,3.8558151572942734e-05,short_answer_len96_t0_seed20261006__multi_rrf__hybrid_a0.75_d100,standard_hybrid,0.00944674713537097
5,4,27,-23,3.39532271027565e-05,short_answer_len96_t0.7_seed20261006__hyde_single,question_dense,0.008420400321483612
5,3,4,-1,1.0,short_answer_len96_t0.7_seed20261006__hyde_single__hybrid_a0.25_d20,standard_hybrid,1.0
5,4,6,-2,0.75390625,short_answer_len96_t0.7_seed20261006__hyde_single__hybrid_a0.5_d20,standard_hybrid,1.0
5,3,30,-27,1.4011748135089874e-06,short_answer_len96_t0.7_seed20261006__hyde_single__hybrid_a0.75_d20,standard_hybrid,0.0003909277729690075
5,3,5,-2,0.7265625,short_answer_len96_t0.7_seed20261006__hyde_single__hybrid_a0.25_d100,standard_hybrid,1.0
5,4,9,-5,0.266845703125,short_answer_len96_t0.7_seed20261006__hyde_single__hybrid_a0.5_d100,standard_hybrid,1.0
5,4,31,-27,3.465451300144196e-06,short_answer_len96_t0.7_seed20261006__hyde_single__hybrid_a0.75_d100,standard_hybrid,0.0009426027536392213
5,3,3,0,1.0,short_answer_len96_t0.7_seed20261006__question_plus_hyde,question_dense,1.0
5,2,6,-4,0.2890625,short_answer_len96_t0.7_seed20261006__question_plus_hyde__hybrid_a0.25_d20,standard_hybrid,1.0
5,6,8,-2,0.79052734375,short_answer_len96_t0.7_seed20261006__question_plus_hyde__hybrid_a0.5_d20,standard_hybrid,1.0
5,11,14,-3,0.6900379657745361,short_answer_len96_t0.7_seed20261006__question_plus_hyde__hybrid_a0.75_d20,standard_hybrid,1.0
5,1,2,-1,1.0,short_answer_len96_t0.7_seed20261006__question_plus_hyde__hybrid_a0.25_d100,standard_hybrid,1.0
5,5,6,-1,1.0,short_answer_len96_t0.7_seed20261006__question_plus_hyde__hybrid_a0.5_d100,standard_hybrid,1.0
5,9,11,-2,0.8238029479980469,short_answer_len96_t0.7_seed20261006__question_plus_hyde__hybrid_a0.75_d100,standard_hybrid,1.0
5,4,25,-21,0.0001037158071994,short_answer_len96_t0.7_seed20261006__multi_average,question_dense,0.0246843621134572
5,5,6,-1,1.0,short_answer_len96_t0.7_seed20261006__multi_average__hybrid_a0.25_d20,standard_hybrid,1.0
5,5,10,-5,0.3017578124999999,short_answer_len96_t0.7_seed20261006__multi_average__hybrid_a0.5_d20,standard_hybrid,1.0
5,4,30,-26,6.16488978266716e-06,short_answer_len96_t0.7_seed20261006__multi_average__hybrid_a0.75_d20,standard_hybrid,0.0016275309026241302
5,6,7,-1,1.0,short_answer_len96_t0.7_seed20261006__multi_average__hybrid_a0.25_d100,standard_hybrid,1.0
5,6,18,-12,0.0226558446884155,short_answer_len96_t0.7_seed20261006__multi_average__hybrid_a0.5_d100,standard_hybrid,1.0
5,6,31,-25,4.12575900554657e-05,short_answer_len96_t0.7_seed20261006__multi_average__hybrid_a0.75_d100,standard_hybrid,0.009943079203367233
5,4,27,-23,3.39532271027565e-05,short_answer_len96_t0.7_seed20261006__multi_rrf,question_dense,0.008420400321483612
5,4,6,-2,0.75390625,short_answer_len96_t0.7_seed20261006__multi_rrf__hybrid_a0.25_d20,standard_hybrid,1.0
5,4,8,-4,0.3876953125,short_answer_len96_t0.7_seed20261006__multi_rrf__hybrid_a0.5_d20,standard_hybrid,1.0
5,4,31,-27,3.465451300144196e-06,short_answer_len96_t0.7_seed20261006__multi_rrf__hybrid_a0.75_d20,standard_hybrid,0.0009426027536392213
5,5,6,-1,1.0,short_answer_len96_t0.7_seed20261006__multi_rrf__hybrid_a0.25_d100,standard_hybrid,1.0
5,9,12,-3,0.6636238098144531,short_answer_len96_t0.7_seed20261006__multi_rrf__hybrid_a0.5_d100,standard_hybrid,1.0
5,7,30,-23,0.0001910764258354,short_answer_len96_t0.7_seed20261006__multi_rrf__hybrid_a0.75_d100,standard_hybrid,0.044902960071319
5,4,21,-17,0.0009105205535888,evidence_passage_len32_t0_seed20261006__hyde_single,question_dense,0.2057776451110688
5,1,9,-8,0.021484375,evidence_passage_len32_t0_seed20261006__hyde_single__hybrid_a0.25_d20,standard_hybrid,1.0
5,5,10,-5,0.3017578124999999,evidence_passage_len32_t0_seed20261006__hyde_single__hybrid_a0.5_d20,standard_hybrid,1.0
5,5,26,-21,0.0001921951770782,evidence_passage_len32_t0_seed20261006__hyde_single__hybrid_a0.75_d20,standard_hybrid,0.044973671436298795
5,3,11,-8,0.057373046875,evidence_passage_len32_t0_seed20261006__hyde_single__hybrid_a0.25_d100,standard_hybrid,1.0
5,3,17,-14,0.0025768280029296,evidence_passage_len32_t0_seed20261006__hyde_single__hybrid_a0.5_d100,standard_hybrid,0.5669021606445119
5,5,26,-21,0.0001921951770782,evidence_passage_len32_t0_seed20261006__hyde_single__hybrid_a0.75_d100,standard_hybrid,0.044973671436298795
5,2,5,-3,0.453125,evidence_passage_len32_t0_seed20261006__question_plus_hyde,question_dense,1.0
5,1,6,-5,0.125,evidence_passage_len32_t0_seed20261006__question_plus_hyde__hybrid_a0.25_d20,standard_hybrid,1.0
5,7,9,-2,0.803619384765625,evidence_passage_len32_t0_seed20261006__question_plus_hyde__hybrid_a0.5_d20,standard_hybrid,1.0
5,10,18,-8,0.1849333420395851,evidence_passage_len32_t0_seed20261006__question_plus_hyde__hybrid_a0.75_d20,standard_hybrid,1.0
5,1,4,-3,0.375,evidence_passage_len32_t0_seed20261006__question_plus_hyde__hybrid_a0.25_d100,standard_hybrid,1.0
5,5,10,-5,0.3017578124999999,evidence_passage_len32_t0_seed20261006__question_plus_hyde__hybrid_a0.5_d100,standard_hybrid,1.0
5,6,16,-10,0.0524787902832031,evidence_passage_len32_t0_seed20261006__question_plus_hyde__hybrid_a0.75_d100,standard_hybrid,1.0
5,4,17,-13,0.0071973800659179,evidence_passage_len32_t0_seed20261006__multi_average,question_dense,1.0
5,1,9,-8,0.021484375,evidence_passage_len32_t0_seed20261006__multi_average__hybrid_a0.25_d20,standard_hybrid,1.0
5,3,10,-7,0.09228515625,evidence_passage_len32_t0_seed20261006__multi_average__hybrid_a0.5_d20,standard_hybrid,1.0
5,5,19,-14,0.0066107511520385,evidence_passage_len32_t0_seed20261006__multi_average__hybrid_a0.75_d20,standard_hybrid,1.0
5,3,8,-5,0.2265625,evidence_passage_len32_t0_seed20261006__multi_average__hybrid_a0.25_d100,standard_hybrid,1.0
5,3,12,-9,0.03515625,evidence_passage_len32_t0_seed20261006__multi_average__hybrid_a0.5_d100,standard_hybrid,1.0
5,4,19,-15,0.0025994777679443,evidence_passage_len32_t0_seed20261006__multi_average__hybrid_a0.75_d100,standard_hybrid,0.5692856311798017
5,5,20,-15,0.0040773153305053,evidence_passage_len32_t0_seed20261006__multi_rrf,question_dense,0.8807001113891448
5,1,9,-8,0.021484375,evidence_passage_len32_t0_seed20261006__multi_rrf__hybrid_a0.25_d20,standard_hybrid,1.0
5,2,10,-8,0.03857421875,evidence_passage_len32_t0_seed20261006__multi_rrf__hybrid_a0.5_d20,standard_hybrid,1.0
5,5,18,-13,0.0106220245361328,evidence_passage_len32_t0_seed20261006__multi_rrf__hybrid_a0.75_d20,standard_hybrid,1.0
5,1,10,-9,0.01171875,evidence_passage_len32_t0_seed20261006__multi_rrf__hybrid_a0.25_d100,standard_hybrid,1.0
5,2,15,-13,0.002349853515625,evidence_passage_len32_t0_seed20261006__multi_rrf__hybrid_a0.5_d100,standard_hybrid,0.519317626953125
5,4,18,-14,0.0043435096740722,evidence_passage_len32_t0_seed20261006__multi_rrf__hybrid_a0.75_d100,standard_hybrid,0.9295110702514507
5,2,23,-21,1.9431114196777344e-05,evidence_passage_len32_t0.7_seed20261006__hyde_single,question_dense,0.004935503005981445
5,1,11,-10,0.00634765625,evidence_passage_len32_t0.7_seed20261006__hyde_single__hybrid_a0.25_d20,standard_hybrid,1.0
5,2,12,-10,0.012939453125,evidence_passage_len32_t0.7_seed20261006__hyde_single__hybrid_a0.5_d20,standard_hybrid,1.0
5,3,27,-24,8.430331945419312e-06,evidence_passage_len32_t0.7_seed20261006__hyde_single__hybrid_a0.75_d20,standard_hybrid,0.002191886305809021
5,4,11,-7,0.1184692382812499,evidence_passage_len32_t0.7_seed20261006__hyde_single__hybrid_a0.25_d100,standard_hybrid,1.0
5,4,19,-15,0.0025994777679443,evidence_passage_len32_t0.7_seed20261006__hyde_single__hybrid_a0.5_d100,standard_hybrid,0.5692856311798017
5,3,25,-22,2.744048833847046e-05,evidence_passage_len32_t0.7_seed20261006__hyde_single__hybrid_a0.75_d100,standard_hybrid,0.006887562572956085
5,3,6,-3,0.5078125,evidence_passage_len32_t0.7_seed20261006__question_plus_hyde,question_dense,1.0
5,2,7,-5,0.1796875,evidence_passage_len32_t0.7_seed20261006__question_plus_hyde__hybrid_a0.25_d20,standard_hybrid,1.0
5,4,9,-5,0.266845703125,evidence_passage_len32_t0.7_seed20261006__question_plus_hyde__hybrid_a0.5_d20,standard_hybrid,1.0
5,11,16,-5,0.442068338394165,evidence_passage_len32_t0.7_seed20261006__question_plus_hyde__hybrid_a0.75_d20,standard_hybrid,1.0
5,2,4,-2,0.6875,evidence_passage_len32_t0.7_seed20261006__question_plus_hyde__hybrid_a0.25_d100,standard_hybrid,1.0
5,4,9,-5,0.266845703125,evidence_passage_len32_t0.7_seed20261006__question_plus_hyde__hybrid_a0.5_d100,standard_hybrid,1.0
5,7,15,-8,0.1338005065917968,evidence_passage_len32_t0.7_seed20261006__question_plus_hyde__hybrid_a0.75_d100,standard_hybrid,1.0
5,3,18,-15,0.0014896392822265,evidence_passage_len32_t0.7_seed20261006__multi_average,question_dense,0.330699920654283
5,5,12,-7,0.143463134765625,evidence_passage_len32_t0.7_seed20261006__multi_average__hybrid_a0.25_d20,standard_hybrid,1.0
5,6,12,-6,0.237884521484375,evidence_passage_len32_t0.7_seed20261006__multi_average__hybrid_a0.5_d20,standard_hybrid,1.0
5,7,22,-15,0.008130058646202,evidence_passage_len32_t0.7_seed20261006__multi_average__hybrid_a0.75_d20,standard_hybrid,1.0
5,4,9,-5,0.266845703125,evidence_passage_len32_t0.7_seed20261006__multi_average__hybrid_a0.25_d100,standard_hybrid,1.0
5,6,16,-10,0.0524787902832031,evidence_passage_len32_t0.7_seed20261006__multi_average__hybrid_a0.5_d100,standard_hybrid,1.0
5,4,24,-20,0.0001799911260604,evidence_passage_len32_t0.7_seed20261006__multi_average__hybrid_a0.75_d100,standard_hybrid,0.0424779057502544
5,3,21,-18,0.0002771615982055,evidence_passage_len32_t0.7_seed20261006__multi_rrf,question_dense,0.0640243291854705
5,3,9,-6,0.14599609375,evidence_passage_len32_t0.7_seed20261006__multi_rrf__hybrid_a0.25_d20,standard_hybrid,1.0
5,4,11,-7,0.1184692382812499,evidence_passage_len32_t0.7_seed20261006__multi_rrf__hybrid_a0.5_d20,standard_hybrid,1.0
5,4,21,-17,0.0009105205535888,evidence_passage_len32_t0.7_seed20261006__multi_rrf__hybrid_a0.75_d20,standard_hybrid,0.2057776451110688
5,2,9,-7,0.0654296875,evidence_passage_len32_t0.7_seed20261006__multi_rrf__hybrid_a0.25_d100,standard_hybrid,1.0
5,5,15,-10,0.0413894653320312,evidence_passage_len32_t0.7_seed20261006__multi_rrf__hybrid_a0.5_d100,standard_hybrid,1.0
5,3,21,-18,0.0002771615982055,evidence_passage_len32_t0.7_seed20261006__multi_rrf__hybrid_a0.75_d100,standard_hybrid,0.0640243291854705
5,4,14,-10,0.0308837890625,evidence_passage_len96_t0_seed20261006__hyde_single,question_dense,1.0
5,2,9,-7,0.0654296875,evidence_passage_len96_t0_seed20261006__hyde_single__hybrid_a0.25_d20,standard_hybrid,1.0
5,8,10,-2,0.8145294189453125,evidence_passage_len96_t0_seed20261006__hyde_single__hybrid_a0.5_d20,standard_hybrid,1.0
5,8,21,-13,0.0241195447742939,evidence_passage_len96_t0_seed20261006__hyde_single__hybrid_a0.75_d20,standard_hybrid,1.0
5,4,9,-5,0.266845703125,evidence_passage_len96_t0_seed20261006__hyde_single__hybrid_a0.25_d100,standard_hybrid,1.0
5,5,17,-12,0.0169005393981933,evidence_passage_len96_t0_seed20261006__hyde_single__hybrid_a0.5_d100,standard_hybrid,1.0
5,7,21,-14,0.0125409513711929,evidence_passage_len96_t0_seed20261006__hyde_single__hybrid_a0.75_d100,standard_hybrid,1.0
5,1,4,-3,0.375,evidence_passage_len96_t0_seed20261006__question_plus_hyde,question_dense,1.0
5,1,6,-5,0.125,evidence_passage_len96_t0_seed20261006__question_plus_hyde__hybrid_a0.25_d20,standard_hybrid,1.0
5,7,10,-3,0.629058837890625,evidence_passage_len96_t0_seed20261006__question_plus_hyde__hybrid_a0.5_d20,standard_hybrid,1.0
5,11,17,-6,0.3449284508824348,evidence_passage_len96_t0_seed20261006__question_plus_hyde__hybrid_a0.75_d20,standard_hybrid,1.0
5,1,4,-3,0.375,evidence_passage_len96_t0_seed20261006__question_plus_hyde__hybrid_a0.25_d100,standard_hybrid,1.0
5,6,7,-1,1.0,evidence_passage_len96_t0_seed20261006__question_plus_hyde__hybrid_a0.5_d100,standard_hybrid,1.0
5,6,17,-11,0.0346896648406982,evidence_passage_len96_t0_seed20261006__question_plus_hyde__hybrid_a0.75_d100,standard_hybrid,1.0
5,4,13,-9,0.049041748046875,evidence_passage_len96_t0_seed20261006__multi_average,question_dense,1.0
5,1,8,-7,0.0390625,evidence_passage_len96_t0_seed20261006__multi_average__hybrid_a0.25_d20,standard_hybrid,1.0
5,5,11,-6,0.210113525390625,evidence_passage_len96_t0_seed20261006__multi_average__hybrid_a0.5_d20,standard_hybrid,1.0
5,6,18,-12,0.0226558446884155,evidence_passage_len96_t0_seed20261006__multi_average__hybrid_a0.75_d20,standard_hybrid,1.0
5,3,6,-3,0.5078125,evidence_passage_len96_t0_seed20261006__multi_average__hybrid_a0.25_d100,standard_hybrid,1.0
5,4,11,-7,0.1184692382812499,evidence_passage_len96_t0_seed20261006__multi_average__hybrid_a0.5_d100,standard_hybrid,1.0
5,5,16,-11,0.0266036987304687,evidence_passage_len96_t0_seed20261006__multi_average__hybrid_a0.75_d100,standard_hybrid,1.0
5,3,15,-12,0.007537841796875,evidence_passage_len96_t0_seed20261006__multi_rrf,question_dense,1.0
5,2,8,-6,0.109375,evidence_passage_len96_t0_seed20261006__multi_rrf__hybrid_a0.25_d20,standard_hybrid,1.0
5,4,10,-6,0.1795654296875,evidence_passage_len96_t0_seed20261006__multi_rrf__hybrid_a0.5_d20,standard_hybrid,1.0
5,9,18,-9,0.1220781207084655,evidence_passage_len96_t0_seed20261006__multi_rrf__hybrid_a0.75_d20,standard_hybrid,1.0
5,3,7,-4,0.34375,evidence_passage_len96_t0_seed20261006__multi_rrf__hybrid_a0.25_d100,standard_hybrid,1.0
5,5,12,-7,0.143463134765625,evidence_passage_len96_t0_seed20261006__multi_rrf__hybrid_a0.5_d100,standard_hybrid,1.0
5,5,16,-11,0.0266036987304687,evidence_passage_len96_t0_seed20261006__multi_rrf__hybrid_a0.75_d100,standard_hybrid,1.0
5,1,21,-20,1.0967254638671877e-05,evidence_passage_len96_t0.7_seed20261006__hyde_single,question_dense,0.002819580025970936
5,1,11,-10,0.00634765625,evidence_passage_len96_t0.7_seed20261006__hyde_single__hybrid_a0.25_d20,standard_hybrid,1.0
5,3,15,-12,0.007537841796875,evidence_passage_len96_t0.7_seed20261006__hyde_single__hybrid_a0.5_d20,standard_hybrid,1.0
5,4,30,-26,6.16488978266716e-06,evidence_passage_len96_t0.7_seed20261006__hyde_single__hybrid_a0.75_d20,standard_hybrid,0.0016275309026241302
5,2,12,-10,0.012939453125,evidence_passage_len96_t0.7_seed20261006__hyde_single__hybrid_a0.25_d100,standard_hybrid,1.0
5,0,22,-22,4.76837158203125e-07,evidence_passage_len96_t0.7_seed20261006__hyde_single__hybrid_a0.5_d100,standard_hybrid,0.000133514404296875
5,3,30,-27,1.4011748135089874e-06,evidence_passage_len96_t0.7_seed20261006__hyde_single__hybrid_a0.75_d100,standard_hybrid,0.0003909277729690075
5,1,6,-5,0.125,evidence_passage_len96_t0.7_seed20261006__question_plus_hyde,question_dense,1.0
5,1,8,-7,0.0390625,evidence_passage_len96_t0.7_seed20261006__question_plus_hyde__hybrid_a0.25_d20,standard_hybrid,1.0
5,6,11,-5,0.332305908203125,evidence_passage_len96_t0.7_seed20261006__question_plus_hyde__hybrid_a0.5_d20,standard_hybrid,1.0
5,7,17,-10,0.0639146566390991,evidence_passage_len96_t0.7_seed20261006__question_plus_hyde__hybrid_a0.75_d20,standard_hybrid,1.0
5,2,4,-2,0.6875,evidence_passage_len96_t0.7_seed20261006__question_plus_hyde__hybrid_a0.25_d100,standard_hybrid,1.0
5,4,6,-2,0.75390625,evidence_passage_len96_t0.7_seed20261006__question_plus_hyde__hybrid_a0.5_d100,standard_hybrid,1.0
5,6,17,-11,0.0346896648406982,evidence_passage_len96_t0.7_seed20261006__question_plus_hyde__hybrid_a0.75_d100,standard_hybrid,1.0
5,2,14,-12,0.004180908203125,evidence_passage_len96_t0.7_seed20261006__multi_average,question_dense,0.898895263671875
5,3,6,-3,0.5078125,evidence_passage_len96_t0.7_seed20261006__multi_average__hybrid_a0.25_d20,standard_hybrid,1.0
5,4,6,-2,0.75390625,evidence_passage_len96_t0.7_seed20261006__multi_average__hybrid_a0.5_d20,standard_hybrid,1.0
5,6,18,-12,0.0226558446884155,evidence_passage_len96_t0.7_seed20261006__multi_average__hybrid_a0.75_d20,standard_hybrid,1.0
5,3,5,-2,0.7265625,evidence_passage_len96_t0.7_seed20261006__multi_average__hybrid_a0.25_d100,standard_hybrid,1.0
5,2,9,-7,0.0654296875,evidence_passage_len96_t0.7_seed20261006__multi_average__hybrid_a0.5_d100,standard_hybrid,1.0
5,5,15,-10,0.0413894653320312,evidence_passage_len96_t0.7_seed20261006__multi_average__hybrid_a0.75_d100,standard_hybrid,1.0
5,2,16,-14,0.001312255859375,evidence_passage_len96_t0.7_seed20261006__multi_rrf,question_dense,0.292633056640625
5,4,9,-5,0.266845703125,evidence_passage_len96_t0.7_seed20261006__multi_rrf__hybrid_a0.25_d20,standard_hybrid,1.0
5,5,9,-4,0.4239501953125,evidence_passage_len96_t0.7_seed20261006__multi_rrf__hybrid_a0.5_d20,standard_hybrid,1.0
5,6,20,-14,0.0093553066253662,evidence_passage_len96_t0.7_seed20261006__multi_rrf__hybrid_a0.75_d20,standard_hybrid,1.0
5,7,8,-1,1.0,evidence_passage_len96_t0.7_seed20261006__multi_rrf__hybrid_a0.25_d100,standard_hybrid,1.0
5,6,12,-6,0.237884521484375,evidence_passage_len96_t0.7_seed20261006__multi_rrf__hybrid_a0.5_d100,standard_hybrid,1.0
5,6,20,-14,0.0093553066253662,evidence_passage_len96_t0.7_seed20261006__multi_rrf__hybrid_a0.75_d100,standard_hybrid,1.0
5,1,22,-21,5.7220458984375e-06,evidence_passage_len96_t0.7_seed20261007__hyde_single,question_dense,0.0015163421630859375
5,1,8,-7,0.0390625,evidence_passage_len96_t0.7_seed20261007__hyde_single__hybrid_a0.25_d20,standard_hybrid,1.0
5,3,10,-7,0.09228515625,evidence_passage_len96_t0.7_seed20261007__hyde_single__hybrid_a0.5_d20,standard_hybrid,1.0
5,2,27,-25,1.6242265701293943e-06,evidence_passage_len96_t0.7_seed20261007__hyde_single__hybrid_a0.75_d20,standard_hybrid,0.00044666230678558344
5,1,10,-9,0.01171875,evidence_passage_len96_t0.7_seed20261007__hyde_single__hybrid_a0.25_d100,standard_hybrid,1.0
5,1,15,-14,0.000518798828125,evidence_passage_len96_t0.7_seed20261007__hyde_single__hybrid_a0.5_d100,standard_hybrid,0.1182861328125
5,2,25,-23,5.647540092468262e-06,evidence_passage_len96_t0.7_seed20261007__hyde_single__hybrid_a0.75_d100,standard_hybrid,0.0015022456645965576
5,0,5,-5,0.0625,evidence_passage_len96_t0.7_seed20261007__question_plus_hyde,question_dense,1.0
5,1,7,-6,0.0703125,evidence_passage_len96_t0.7_seed20261007__question_plus_hyde__hybrid_a0.25_d20,standard_hybrid,1.0
5,7,11,-4,0.480682373046875,evidence_passage_len96_t0.7_seed20261007__question_plus_hyde__hybrid_a0.5_d20,standard_hybrid,1.0
5,9,16,-7,0.2295229434967041,evidence_passage_len96_t0.7_seed20261007__question_plus_hyde__hybrid_a0.75_d20,standard_hybrid,1.0
5,0,3,-3,0.25,evidence_passage_len96_t0.7_seed20261007__question_plus_hyde__hybrid_a0.25_d100,standard_hybrid,1.0
5,4,11,-7,0.1184692382812499,evidence_passage_len96_t0.7_seed20261007__question_plus_hyde__hybrid_a0.5_d100,standard_hybrid,1.0
5,6,16,-10,0.0524787902832031,evidence_passage_len96_t0.7_seed20261007__question_plus_hyde__hybrid_a0.75_d100,standard_hybrid,1.0
5,5,14,-9,0.063568115234375,evidence_passage_len96_t0.7_seed20261007__multi_average,question_dense,1.0
5,3,8,-5,0.2265625,evidence_passage_len96_t0.7_seed20261007__multi_average__hybrid_a0.25_d20,standard_hybrid,1.0
5,4,10,-6,0.1795654296875,evidence_passage_len96_t0.7_seed20261007__multi_average__hybrid_a0.5_d20,standard_hybrid,1.0
5,6,19,-13,0.014633297920227,evidence_passage_len96_t0.7_seed20261007__multi_average__hybrid_a0.75_d20,standard_hybrid,1.0
5,4,7,-3,0.548828125,evidence_passage_len96_t0.7_seed20261007__multi_average__hybrid_a0.25_d100,standard_hybrid,1.0
5,6,12,-6,0.237884521484375,evidence_passage_len96_t0.7_seed20261007__multi_average__hybrid_a0.5_d100,standard_hybrid,1.0
5,4,19,-15,0.0025994777679443,evidence_passage_len96_t0.7_seed20261007__multi_average__hybrid_a0.75_d100,standard_hybrid,0.5692856311798017
5,4,15,-11,0.0192108154296875,evidence_passage_len96_t0.7_seed20261007__multi_rrf,question_dense,1.0
5,4,8,-4,0.3876953125,evidence_passage_len96_t0.7_seed20261007__multi_rrf__hybrid_a0.25_d20,standard_hybrid,1.0
5,6,8,-2,0.79052734375,evidence_passage_len96_t0.7_seed20261007__multi_rrf__hybrid_a0.5_d20,standard_hybrid,1.0
5,7,20,-13,0.0191572904586792,evidence_passage_len96_t0.7_seed20261007__multi_rrf__hybrid_a0.75_d20,standard_hybrid,1.0
5,4,7,-3,0.548828125,evidence_passage_len96_t0.7_seed20261007__multi_rrf__hybrid_a0.25_d100,standard_hybrid,1.0
5,4,14,-10,0.0308837890625,evidence_passage_len96_t0.7_seed20261007__multi_rrf__hybrid_a0.5_d100,standard_hybrid,1.0
5,5,18,-13,0.0106220245361328,evidence_passage_len96_t0.7_seed20261007__multi_rrf__hybrid_a0.75_d100,standard_hybrid,1.0
5,1,19,-18,4.00543212890625e-05,evidence_passage_len96_t0.7_seed20261008__hyde_single,question_dense,0.009693145751953125
5,2,8,-6,0.109375,evidence_passage_len96_t0.7_seed20261008__hyde_single__hybrid_a0.25_d20,standard_hybrid,1.0
5,5,12,-7,0.143463134765625,evidence_passage_len96_t0.7_seed20261008__hyde_single__hybrid_a0.5_d20,standard_hybrid,1.0
5,5,24,-19,0.0005461126565933,evidence_passage_len96_t0.7_seed20261008__hyde_single__hybrid_a0.75_d20,standard_hybrid,0.1239675730466791
5,3,9,-6,0.14599609375,evidence_passage_len96_t0.7_seed20261008__hyde_single__hybrid_a0.25_d100,standard_hybrid,1.0
5,4,18,-14,0.0043435096740722,evidence_passage_len96_t0.7_seed20261008__hyde_single__hybrid_a0.5_d100,standard_hybrid,0.9295110702514507
5,5,23,-18,0.0009122341871261,evidence_passage_len96_t0.7_seed20261008__hyde_single__hybrid_a0.75_d100,standard_hybrid,0.2057776451110688
5,1,4,-3,0.375,evidence_passage_len96_t0.7_seed20261008__question_plus_hyde,question_dense,1.0
5,3,5,-2,0.7265625,evidence_passage_len96_t0.7_seed20261008__question_plus_hyde__hybrid_a0.25_d20,standard_hybrid,1.0
5,7,10,-3,0.629058837890625,evidence_passage_len96_t0.7_seed20261008__question_plus_hyde__hybrid_a0.5_d20,standard_hybrid,1.0
5,11,15,-4,0.557197093963623,evidence_passage_len96_t0.7_seed20261008__question_plus_hyde__hybrid_a0.75_d20,standard_hybrid,1.0
5,2,5,-3,0.453125,evidence_passage_len96_t0.7_seed20261008__question_plus_hyde__hybrid_a0.25_d100,standard_hybrid,1.0
5,8,9,-1,1.0,evidence_passage_len96_t0.7_seed20261008__question_plus_hyde__hybrid_a0.5_d100,standard_hybrid,1.0
5,7,13,-6,0.2631759643554687,evidence_passage_len96_t0.7_seed20261008__question_plus_hyde__hybrid_a0.75_d100,standard_hybrid,1.0
5,4,12,-8,0.076812744140625,evidence_passage_len96_t0.7_seed20261008__multi_average,question_dense,1.0
5,4,7,-3,0.548828125,evidence_passage_len96_t0.7_seed20261008__multi_average__hybrid_a0.25_d20,standard_hybrid,1.0
5,7,10,-3,0.629058837890625,evidence_passage_len96_t0.7_seed20261008__multi_average__hybrid_a0.5_d20,standard_hybrid,1.0
5,8,17,-9,0.1077521443367004,evidence_passage_len96_t0.7_seed20261008__multi_average__hybrid_a0.75_d20,standard_hybrid,1.0
5,4,7,-3,0.548828125,evidence_passage_len96_t0.7_seed20261008__multi_average__hybrid_a0.25_d100,standard_hybrid,1.0
5,7,13,-6,0.2631759643554687,evidence_passage_len96_t0.7_seed20261008__multi_average__hybrid_a0.5_d100,standard_hybrid,1.0
5,7,16,-9,0.0931396484375,evidence_passage_len96_t0.7_seed20261008__multi_average__hybrid_a0.75_d100,standard_hybrid,1.0
5,5,14,-9,0.063568115234375,evidence_passage_len96_t0.7_seed20261008__multi_rrf,question_dense,1.0
5,4,9,-5,0.266845703125,evidence_passage_len96_t0.7_seed20261008__multi_rrf__hybrid_a0.25_d20,standard_hybrid,1.0
5,6,12,-6,0.237884521484375,evidence_passage_len96_t0.7_seed20261008__multi_rrf__hybrid_a0.5_d20,standard_hybrid,1.0
5,8,19,-11,0.0522389858961105,evidence_passage_len96_t0.7_seed20261008__multi_rrf__hybrid_a0.75_d20,standard_hybrid,1.0
5,4,7,-3,0.548828125,evidence_passage_len96_t0.7_seed20261008__multi_rrf__hybrid_a0.25_d100,standard_hybrid,1.0
5,6,12,-6,0.237884521484375,evidence_passage_len96_t0.7_seed20261008__multi_rrf__hybrid_a0.5_d100,standard_hybrid,1.0
5,6,17,-11,0.0346896648406982,evidence_passage_len96_t0.7_seed20261008__multi_rrf__hybrid_a0.75_d100,standard_hybrid,1.0
