k,n_queries,precision_at_k,recall_at_k,hit_rate_at_k,mrr_at_k,ndcg_at_k,method_id,config,representation,dense_weight,candidate_depth,latency_ms_per_query,owner,dataset_id,corpus_sha256,qa_sha256,evaluation_scope,answer_status,oracle_gap_closed,display_name,selection_status
5,100,0.062,0.31,0.31,0.2294999999999999,0.2499589714745105,question_bm25,baseline,bm25,,100,0.2281538399995497,Cheryl,isaacus/legal-rag-bench,3a3565bc5429f6cead90548e81f87352b449927e4be1cdd804c28d766bb9c246,e3b869a4e293d081ec5f5b39c2058c8d27b36f611aa9f8275eb1877a7c8b38b0,exploratory previously inspected 100 questions,not_evaluated,0.0465116279069767,question_bm25,control
5,100,0.0579999999999999,0.29,0.29,0.1609999999999999,0.1933120907356498,question_dense,baseline,question_dense,,100,11.561014830000431,Cheryl,isaacus/legal-rag-bench,3a3565bc5429f6cead90548e81f87352b449927e4be1cdd804c28d766bb9c246,e3b869a4e293d081ec5f5b39c2058c8d27b36f611aa9f8275eb1877a7c8b38b0,exploratory previously inspected 100 questions,not_evaluated,0.0,question_dense,control
5,100,0.072,0.36,0.36,0.249,0.2764334348433819,standard_hybrid,baseline,hybrid,0.25,100,11.78916866999998,Cheryl,isaacus/legal-rag-bench,3a3565bc5429f6cead90548e81f87352b449927e4be1cdd804c28d766bb9c246,e3b869a4e293d081ec5f5b39c2058c8d27b36f611aa9f8275eb1877a7c8b38b0,exploratory previously inspected 100 questions,not_evaluated,0.1627906976744186,standard_hybrid,control
5,100,0.144,0.72,0.72,0.5498333333333334,0.5929154109940404,reference_answer_oracle,oracle_only,oracle,,100,,Cheryl,isaacus/legal-rag-bench,3a3565bc5429f6cead90548e81f87352b449927e4be1cdd804c28d766bb9c246,e3b869a4e293d081ec5f5b39c2058c8d27b36f611aa9f8275eb1877a7c8b38b0,exploratory previously inspected 100 questions,not_evaluated,1.0,reference_answer_oracle,oracle diagnostic
5,100,0.038,0.19,0.19,0.0981666666666666,0.1208945430297509,evidence_passage_len96_t0_seed20261006__hyde_single,evidence_passage_len96_t0_seed20261006,hyde_single,,100,1160.1910378099992,Cheryl,isaacus/legal-rag-bench,3a3565bc5429f6cead90548e81f87352b449927e4be1cdd804c28d766bb9c246,e3b869a4e293d081ec5f5b39c2058c8d27b36f611aa9f8275eb1877a7c8b38b0,exploratory previously inspected 100 questions,not_evaluated,-0.2325581395348836,hyde_single,observed sweep maximum; exploratory
5,100,0.0579999999999999,0.29,0.29,0.1586666666666666,0.1915699706809977,short_answer_len32_t0_seed20261006__question_plus_hyde,short_answer_len32_t0_seed20261006,question_plus_hyde,,100,336.8108366366664,Cheryl,isaacus/legal-rag-bench,3a3565bc5429f6cead90548e81f87352b449927e4be1cdd804c28d766bb9c246,e3b869a4e293d081ec5f5b39c2058c8d27b36f611aa9f8275eb1877a7c8b38b0,exploratory previously inspected 100 questions,not_evaluated,0.0,question_plus_hyde,observed sweep maximum; exploratory
5,100,0.0419999999999999,0.21,0.21,0.131,0.1503791342185448,evidence_passage_len96_t0.7_seed20261008__multi_average,evidence_passage_len96_t0.7_seed20261008,multi_average,,100,4994.626089780004,Cheryl,isaacus/legal-rag-bench,3a3565bc5429f6cead90548e81f87352b449927e4be1cdd804c28d766bb9c246,e3b869a4e293d081ec5f5b39c2058c8d27b36f611aa9f8275eb1877a7c8b38b0,exploratory previously inspected 100 questions,not_evaluated,-0.1860465116279069,multi_average,observed sweep maximum; exploratory
5,100,0.04,0.2,0.2,0.0993333333333333,0.1243841981285061,evidence_passage_len96_t0.7_seed20261008__multi_rrf,evidence_passage_len96_t0.7_seed20261008,multi_rrf,,100,4994.626089780004,Cheryl,isaacus/legal-rag-bench,3a3565bc5429f6cead90548e81f87352b449927e4be1cdd804c28d766bb9c246,e3b869a4e293d081ec5f5b39c2058c8d27b36f611aa9f8275eb1877a7c8b38b0,exploratory previously inspected 100 questions,not_evaluated,-0.2093023255813952,multi_rrf,observed sweep maximum; exploratory
5,100,0.078,0.39,0.39,0.2259999999999999,0.2666112604514418,short_answer_len32_t0_seed20261006__multi_rrf__hybrid_a0.25_d100,short_answer_len32_t0_seed20261006,multi_rrf_hybrid,0.25,100,1010.7435024899984,Cheryl,isaacus/legal-rag-bench,3a3565bc5429f6cead90548e81f87352b449927e4be1cdd804c28d766bb9c246,e3b869a4e293d081ec5f5b39c2058c8d27b36f611aa9f8275eb1877a7c8b38b0,exploratory previously inspected 100 questions,not_evaluated,0.2325581395348838,HyDE + BM25 hybrid,observed fixed-weight sweep maximum; exploratory
