split,run_id,model,corpus,window,mode,k,token_budget,n_queries,ranked_unit_hit_at_k,ranked_unit_recall_at_k,gold_child_in_selected_units,gold_child_hit_in_context,gold_child_coverage_in_context,all_gold_children_in_context,gold_body_token_coverage,returned_units,unbudgeted_content_tokens,returned_content_tokens,context_truncated,unit_hit,unit_recall,unit_precision,unit_mrr,unit_ndcg,device,gpu,truncation_rate,corpus_encode_seconds,index_assembly_seconds,latency_mean_ms,latency_p95_ms
dev,minilm_child_w256,minilm,child,256,child,1,2048,20,0.1,0.1,0.1,0.1,0.1,0.1,0.1,1,305.15,305.15,0.0,0.1,0.1,0.1,0.1,0.1,cuda,NVIDIA GeForce RTX 5070 Laptop GPU,0.5504511894995898,5.422619199147448,0.001997800078243017,6.918899982701987,9.766159951686857
dev,minilm_child_w256,minilm,child,256,child,5,2048,20,0.3,0.3,0.3,0.3,0.3,0.3,0.3,5,1575.05,1552.85,0.15,0.3,0.3,0.060000000000000005,0.17666666666666667,0.20743561571887284,cuda,NVIDIA GeForce RTX 5070 Laptop GPU,0.5504511894995898,5.422619199147448,0.001997800078243017,6.918899982701987,9.766159951686857
dev,minilm_child_w256,minilm,child,256,child,10,2048,20,0.35,0.35,0.35,0.35,0.35,0.35,0.35,10,2955.3,2044.3,0.95,0.35,0.35,0.035,0.185,0.22524597507427394,cuda,NVIDIA GeForce RTX 5070 Laptop GPU,0.5504511894995898,5.422619199147448,0.001997800078243017,6.918899982701987,9.766159951686857
dev,minilm_parent_w256,minilm,parent,256,parent,1,2048,20,0.05,0.05,0.05,0.05,0.05,0.05,0.05,1,1377.15,1025.05,0.3,0.05,0.05,0.05,0.05,0.05,cuda,NVIDIA GeForce RTX 5070 Laptop GPU,0.5587073608617594,4.438036196632311,0.0010585000272840261,6.038733315654099,8.751839853357524
dev,minilm_parent_w256,minilm,parent,256,parent,5,2048,20,0.3,0.3,0.3,0.1,0.1,0.1,0.11253405994550408,5,3334.25,1791.8,0.65,0.3,0.3,0.060000000000000005,0.14333333333333334,0.18243561571887285,cuda,NVIDIA GeForce RTX 5070 Laptop GPU,0.5587073608617594,4.438036196632311,0.0010585000272840261,6.038733315654099,8.751839853357524
dev,minilm_parent_w256,minilm,parent,256,parent,10,2048,20,0.35,0.35,0.35,0.1,0.1,0.1,0.11253405994550408,10,5194.75,2044.3,0.95,0.35,0.35,0.035,0.14833333333333334,0.19688885703476722,cuda,NVIDIA GeForce RTX 5070 Laptop GPU,0.5587073608617594,4.438036196632311,0.0010585000272840261,6.038733315654099,8.751839853357524
dev,qwen_child_w2048,qwen,child,2048,child,1,2048,20,0.3,0.3,0.3,0.3,0.3,0.3,0.3,1,321.55,321.55,0.0,0.3,0.3,0.3,0.3,0.3,cuda,NVIDIA GeForce RTX 5070 Laptop GPU,0.0,163.94327159854583,0.016071800142526627,73.52334167032193,136.59272994846106
dev,qwen_child_w2048,qwen,child,2048,child,5,2048,20,0.4,0.4,0.4,0.4,0.4,0.4,0.4,5,1471.95,1453.75,0.1,0.4,0.4,0.08,0.3375,0.3530803155822425,cuda,NVIDIA GeForce RTX 5070 Laptop GPU,0.0,163.94327159854583,0.016071800142526627,73.52334167032193,136.59272994846106
dev,qwen_child_w2048,qwen,child,2048,child,10,2048,20,0.5,0.5,0.5,0.5,0.5,0.5,0.5,10,2995.55,1976.45,0.95,0.5,0.5,0.05,0.3529761904761905,0.3875573416043103,cuda,NVIDIA GeForce RTX 5070 Laptop GPU,0.0,163.94327159854583,0.016071800142526627,73.52334167032193,136.59272994846106
dev,qwen_child_w4096,qwen,child,4096,child,1,2048,20,0.3,0.3,0.3,0.3,0.3,0.3,0.3,1,321.55,321.55,0.0,0.3,0.3,0.3,0.3,0.3,cuda,NVIDIA GeForce RTX 5070 Laptop GPU,0.0,165.7992059038952,0.010239999974146485,68.97206500095005,98.22291483869773
dev,qwen_child_w4096,qwen,child,4096,child,5,2048,20,0.4,0.4,0.4,0.4,0.4,0.4,0.4,5,1471.95,1453.75,0.1,0.4,0.4,0.08,0.3375,0.3530803155822425,cuda,NVIDIA GeForce RTX 5070 Laptop GPU,0.0,165.7992059038952,0.010239999974146485,68.97206500095005,98.22291483869773
dev,qwen_child_w4096,qwen,child,4096,child,10,2048,20,0.5,0.5,0.5,0.5,0.5,0.5,0.5,10,2995.55,1976.45,0.95,0.5,0.5,0.05,0.3529761904761905,0.3875573416043103,cuda,NVIDIA GeForce RTX 5070 Laptop GPU,0.0,165.7992059038952,0.010239999974146485,68.97206500095005,98.22291483869773
dev,qwen_child_w512,qwen,child,512,child,1,2048,20,0.3,0.3,0.3,0.3,0.3,0.3,0.3,1,321.55,321.55,0.0,0.3,0.3,0.3,0.3,0.3,cuda,NVIDIA GeForce RTX 5070 Laptop GPU,0.10808039376538146,156.3892183052376,0.009380199946463108,76.73433000454679,98.72585505945607
dev,qwen_child_w512,qwen,child,512,child,5,2048,20,0.4,0.4,0.4,0.4,0.4,0.4,0.4,5,1460.05,1441.85,0.1,0.4,0.4,0.08,0.3416666666666667,0.3565464876785729,cuda,NVIDIA GeForce RTX 5070 Laptop GPU,0.10808039376538146,156.3892183052376,0.009380199946463108,76.73433000454679,98.72585505945607
dev,qwen_child_w512,qwen,child,512,child,10,2048,20,0.5,0.5,0.5,0.5,0.5,0.5,0.5,10,3006.4,1976.45,0.95,0.5,0.5,0.05,0.35714285714285715,0.39102351370064065,cuda,NVIDIA GeForce RTX 5070 Laptop GPU,0.10808039376538146,156.3892183052376,0.009380199946463108,76.73433000454679,98.72585505945607
dev,qwen_child_w8192,qwen,child,8192,child,1,2048,20,0.3,0.3,0.3,0.3,0.3,0.3,0.3,1,321.55,321.55,0.0,0.3,0.3,0.3,0.3,0.3,cuda,NVIDIA GeForce RTX 5070 Laptop GPU,0.0,164.25207350216806,0.009749999968335032,89.55565666935097,152.34377493616194
dev,qwen_child_w8192,qwen,child,8192,child,5,2048,20,0.4,0.4,0.4,0.4,0.4,0.4,0.4,5,1471.95,1453.75,0.1,0.4,0.4,0.08,0.3375,0.3530803155822425,cuda,NVIDIA GeForce RTX 5070 Laptop GPU,0.0,164.25207350216806,0.009749999968335032,89.55565666935097,152.34377493616194
dev,qwen_child_w8192,qwen,child,8192,child,10,2048,20,0.5,0.5,0.5,0.5,0.5,0.5,0.5,10,2995.55,1976.45,0.95,0.5,0.5,0.05,0.3529761904761905,0.3875573416043103,cuda,NVIDIA GeForce RTX 5070 Laptop GPU,0.0,164.25207350216806,0.009749999968335032,89.55565666935097,152.34377493616194
dev,qwen_parent_w2048,qwen,parent,2048,parent,1,2048,20,0.15,0.15,0.15,0.15,0.15,0.15,0.15,1,762.55,678.7,0.05,0.15,0.15,0.15,0.15,0.15,cuda,NVIDIA GeForce RTX 5070 Laptop GPU,0.03913824057450628,231.42349750478752,0.005536699900403619,64.35907166063164,69.60568993818015
dev,qwen_parent_w2048,qwen,parent,2048,parent,5,2048,20,0.3,0.3,0.3,0.3,0.3,0.3,0.3,5,3245.1,1771.25,0.7,0.3,0.3,0.060000000000000005,0.2125,0.23462680326081542,cuda,NVIDIA GeForce RTX 5070 Laptop GPU,0.03913824057450628,231.42349750478752,0.005536699900403619,64.35907166063164,69.60568993818015
dev,qwen_parent_w2048,qwen,parent,2048,parent,10,2048,20,0.5,0.5,0.5,0.35,0.35,0.35,0.35,10,6310.2,2048.0,1.0,0.5,0.5,0.05,0.24027777777777778,0.3003505215380157,cuda,NVIDIA GeForce RTX 5070 Laptop GPU,0.03913824057450628,231.42349750478752,0.005536699900403619,64.35907166063164,69.60568993818015
dev,qwen_parent_w4096,qwen,parent,4096,parent,1,2048,20,0.25,0.25,0.25,0.15,0.15,0.15,0.15,1,1688.8,1131.45,0.35,0.25,0.25,0.25,0.25,0.25,cuda,NVIDIA GeForce RTX 5070 Laptop GPU,0.008258527827648115,297.327644699486,0.004639300052076578,78.79078667610884,104.22616499708964
dev,qwen_parent_w4096,qwen,parent,4096,parent,5,2048,20,0.4,0.4,0.4,0.25,0.25,0.25,0.25,5,5742.15,1919.65,0.85,0.4,0.4,0.08,0.31,0.3324356157188728,cuda,NVIDIA GeForce RTX 5070 Laptop GPU,0.008258527827648115,297.327644699486,0.004639300052076578,78.79078667610884,104.22616499708964
dev,qwen_parent_w4096,qwen,parent,4096,parent,10,2048,20,0.55,0.55,0.55,0.25,0.25,0.25,0.25,10,9771.45,2048.0,1.0,0.55,0.55,0.055,0.32944444444444443,0.3803489746406721,cuda,NVIDIA GeForce RTX 5070 Laptop GPU,0.008258527827648115,297.327644699486,0.004639300052076578,78.79078667610884,104.22616499708964
dev,qwen_parent_w512,qwen,parent,512,parent,1,2048,20,0.25,0.25,0.25,0.25,0.25,0.25,0.25,1,799.35,708.7,0.1,0.25,0.25,0.25,0.25,0.25,cuda,NVIDIA GeForce RTX 5070 Laptop GPU,0.2933572710951526,94.54701810190454,0.004401100100949407,67.05651166460787,92.29291502851991
dev,qwen_parent_w512,qwen,parent,512,parent,5,2048,20,0.4,0.4,0.4,0.3,0.3,0.3,0.3,5,2749.85,1766.7,0.65,0.4,0.4,0.08,0.2825,0.3102191086271238,cuda,NVIDIA GeForce RTX 5070 Laptop GPU,0.2933572710951526,94.54701810190454,0.004401100100949407,67.05651166460787,92.29291502851991
dev,qwen_parent_w512,qwen,parent,512,parent,10,2048,20,0.55,0.55,0.55,0.35,0.35,0.35,0.35,10,5590.4,2040.05,0.95,0.55,0.55,0.055,0.30089285714285713,0.3571122604489713,cuda,NVIDIA GeForce RTX 5070 Laptop GPU,0.2933572710951526,94.54701810190454,0.004401100100949407,67.05651166460787,92.29291502851991
dev,qwen_parent_w8192,qwen,parent,8192,parent,1,2048,20,0.25,0.25,0.25,0.15,0.15,0.15,0.15,1,1503.65,1046.8,0.3,0.25,0.25,0.25,0.25,0.25,cuda,NVIDIA GeForce RTX 5070 Laptop GPU,0.000718132854578097,338.0169845013879,0.004515000153332949,66.2819249710689,84.68688478460535
dev,qwen_parent_w8192,qwen,parent,8192,parent,5,2048,20,0.4,0.4,0.4,0.25,0.25,0.25,0.25,5,5999.6,1919.65,0.85,0.4,0.4,0.08,0.31,0.3324356157188728,cuda,NVIDIA GeForce RTX 5070 Laptop GPU,0.000718132854578097,338.0169845013879,0.004515000153332949,66.2819249710689,84.68688478460535
dev,qwen_parent_w8192,qwen,parent,8192,parent,10,2048,20,0.55,0.55,0.55,0.25,0.25,0.25,0.25,10,9862.05,2048.0,1.0,0.55,0.55,0.055,0.32944444444444443,0.3803489746406721,cuda,NVIDIA GeForce RTX 5070 Laptop GPU,0.000718132854578097,338.0169845013879,0.004515000153332949,66.2819249710689,84.68688478460535
test,minilm_child_w256,minilm,child,256,child,1,2048,80,0.0625,0.0625,0.0625,0.0625,0.0625,0.0625,0.0625,1,312.4625,312.4625,0.0,0.0625,0.0625,0.0625,0.0625,0.0625,cuda,NVIDIA GeForce RTX 5070 Laptop GPU,0.5504511894995898,5.422619199147448,0.005964400013908744,12.381990826300656,17.9116100189276
test,minilm_child_w256,minilm,child,256,child,5,2048,80,0.2875,0.2875,0.2875,0.2875,0.2875,0.2875,0.2875,5,1520.0125,1517.6625,0.0625,0.2875,0.2875,0.0575,0.15458333333333332,0.18812232911017684,cuda,NVIDIA GeForce RTX 5070 Laptop GPU,0.5504511894995898,5.422619199147448,0.005964400013908744,12.381990826300656,17.9116100189276
test,minilm_child_w256,minilm,child,256,child,10,2048,80,0.35,0.35,0.35,0.3,0.3,0.3,0.3,10,3018.025,2031.05,0.925,0.35,0.35,0.035,0.16266865079365078,0.20810515930895315,cuda,NVIDIA GeForce RTX 5070 Laptop GPU,0.5504511894995898,5.422619199147448,0.005964400013908744,12.381990826300656,17.9116100189276
test,minilm_parent_w256,minilm,parent,256,parent,1,2048,80,0.1375,0.1375,0.1375,0.1375,0.1375,0.1375,0.1375,1,640.025,595.725,0.05,0.1375,0.1375,0.1375,0.1375,0.1375,cuda,NVIDIA GeForce RTX 5070 Laptop GPU,0.5587073608617594,4.438036196632311,0.002278400119394064,14.559848740464076,21.529789967462417
test,minilm_parent_w256,minilm,parent,256,parent,5,2048,80,0.3375,0.3375,0.3375,0.25,0.25,0.25,0.2680432540771604,5,2803.7125,1818.1625,0.5875,0.3375,0.3375,0.0675,0.20145833333333332,0.23469390519708092,cuda,NVIDIA GeForce RTX 5070 Laptop GPU,0.5587073608617594,4.438036196632311,0.002278400119394064,14.559848740464076,21.529789967462417
test,minilm_parent_w256,minilm,parent,256,parent,10,2048,80,0.4625,0.4625,0.4625,0.2625,0.2625,0.2625,0.28738660850754016,10,5175.1125,2037.2375,0.975,0.4625,0.4625,0.04625,0.2193501984126984,0.276323760787077,cuda,NVIDIA GeForce RTX 5070 Laptop GPU,0.5587073608617594,4.438036196632311,0.002278400119394064,14.559848740464076,21.529789967462417
test,qwen_child_w512,qwen,child,512,child,1,2048,80,0.2625,0.2625,0.2625,0.2625,0.2625,0.2625,0.2625,1,330.6125,330.6125,0.0,0.2625,0.2625,0.2625,0.2625,0.2625,cuda,NVIDIA GeForce RTX 5070 Laptop GPU,0.10808039376538146,156.3892183052376,0.01237719994969666,89.71966750104912,127.22375999437644
test,qwen_child_w512,qwen,child,512,child,5,2048,80,0.4625,0.4625,0.4625,0.45,0.45,0.45,0.4616890380313199,5,1524.9,1507.75,0.1375,0.4625,0.4625,0.0925,0.34708333333333335,0.37625982138737074,cuda,NVIDIA GeForce RTX 5070 Laptop GPU,0.10808039376538146,156.3892183052376,0.01237719994969666,89.71966750104912,127.22375999437644
test,qwen_child_w512,qwen,child,512,child,10,2048,80,0.575,0.575,0.575,0.4625,0.4625,0.4625,0.4741890380313199,10,3045.4625,2008.075,0.9,0.575,0.575,0.0575,0.36166170634920636,0.41219401590777294,cuda,NVIDIA GeForce RTX 5070 Laptop GPU,0.10808039376538146,156.3892183052376,0.01237719994969666,89.71966750104912,127.22375999437644
test,qwen_parent_w512,qwen,parent,512,parent,1,2048,80,0.225,0.225,0.225,0.225,0.225,0.225,0.225,1,655.725,627.225,0.05,0.225,0.225,0.225,0.225,0.225,cuda,NVIDIA GeForce RTX 5070 Laptop GPU,0.2933572710951526,94.54701810190454,0.005993200000375509,96.93246084207203,132.01141512254253
test,qwen_parent_w512,qwen,parent,512,parent,5,2048,80,0.475,0.475,0.475,0.3875,0.3875,0.3875,0.4043038275744225,5,2980.3625,1834.85,0.6875,0.475,0.475,0.095,0.3172916666666667,0.35637614443774634,cuda,NVIDIA GeForce RTX 5070 Laptop GPU,0.2933572710951526,94.54701810190454,0.005993200000375509,96.93246084207203,132.01141512254253
test,qwen_parent_w512,qwen,parent,512,parent,10,2048,80,0.5875,0.5875,0.5875,0.3875,0.3875,0.3875,0.4043038275744225,10,5454.5875,2029.825,0.95,0.5875,0.5875,0.058750000000000004,0.3318204365079365,0.3922674192653253,cuda,NVIDIA GeForce RTX 5070 Laptop GPU,0.2933572710951526,94.54701810190454,0.005993200000375509,96.93246084207203,132.01141512254253
