query_index,method,question,gold_answer,generated_answer,answer_token_f1,answer_semantic_similarity,exact_match
45,Hybrid RRF alpha=0.25,Impact on NVDA share repurchases from the excise tax in IRA.,"The provided reference offers sufficient insight to analyze the potential impact of the 1% excise tax. Although the tax was not material to fiscal 2024, its presence means that future share repurchase programs might incur an additional cost when repurchases exceed the number of shares issued for employee compensation. In response, NVIDIA’s management may consider several adjustments: 

1. Strategic calibration of repurchase volumes: Management might limit the number of shares repurchased in a given period to stay within thresholds where the tax is not triggered, or they could balance share repurchases with the issuance of shares for employee compensation to mitigate the tax’s impact. 

2. Opportunity cost evaluation: The added 1% cost means that the economics of capital allocation towards repurchases will require more scrutiny against alternate uses of capital such as reinvestment in growth initiatives or debt reduction. 

3. Optimization of timing and execution: NVIDIA may re-evaluate the timing of their repurchases to align with market conditions or adjust execution strategies (e.g., breaking up large repurchase events into smaller transactions) to manage the repurchase tax efficiently. 

Overall, while the excise tax did not materially affect fiscal 2024, its potential impact ensures that the Board and management will likely consider it as a factor when planning future share repurchase activities, blending tax considerations into broader evaluations of shareholder value and capital allocation.",IRA,0.0,0.09605124,0
114,Hybrid RRF alpha=0.25,ROST's margin impact from growth drivers in the product mix segments.,"The available sales‐mix percentages allow us to gauge relative changes among merchandise categories over the past three years. Notably: 
• Home Accents and Bed and Bath have held a steady 26% share from 2021 to 2023, suggesting they are a stable revenue source rather than a growth driver. 
• The Ladies category, however, has seen a slight decline from 25% in 2021 to 23% in 2023, which might signal that this category is not driving recent revenue increases. 
• The Men’s category increased its share from 14% in 2021 to 15% in 2023, and similarly, the Accessories (which include lingerie, fine jewelry, and cosmetics) moved up from 14% to 15%. Shoes also improved from 12% to 13%. These shifts indicate that the Men's, Accessories, and Shoes categories may be contributing more meaningfully to overall revenue growth. 
In terms of future margins and profitability, if the growing categories typically have a higher margin profile, then their increased share could improve overall profitability. On the other hand, if these categories are lower margin by nature, the shift might exert pressure on future margins despite higher sales volume. Therefore, while the data clearly shows slight upward trends in the Men’s, Accessories, and Shoes segments, deeper analysis of each category’s cost structure would be required to conclusively predict the impact on margins. This could include examining category-specific gross profit contributions, cost details, or promotional expenses which are not disclosed here.",4.3,0.0,0.11171726,0
188,Hybrid RRF alpha=0.25,Historical outcomes of legal proceedings involving ULTA have had significant impacts.,"The provided reference does not offer any historical context or details of past experiences where similar legal proceedings affected the company's financial performance. It only contains management’s opinion that the ongoing legal matters, both class action and single plaintiff litigation, are not expected to have a material adverse impact on the company’s consolidated financial position, results of operations, or cash flows. Therefore, based on the provided data, we cannot analyze any past outcomes or draw comparisons with previous litigation impacts.",a significant amount,0.023255813953488372,0.08681872,0
285,Hybrid RRF alpha=0.25,R&D mktg strategies at Viatris vs. competitors' effic. in the market.,"The provided reference discusses the competitive landscape and the risks posed by competitors, including the challenges of larger R&D and marketing teams and more efficient production capabilities. However, it does not provide any specific information on the measures that Viatris has implemented in its R&D and marketing strategies to counter these disadvantages. Without additional details on actionable initiatives or strategic responses by Viatris, the question cannot be answered using the given data.",5%,0.0,0.08752112,0
322,Hybrid RRF alpha=0.25,Calculation for WBD's content rev increase for 2022-23.,"The increase in content revenue from 2022 to 2023 is calculated as follows: 11,203 million (2023 content revenue) - 8,360 million (2022 content revenue) = 2,843 million. Therefore, the content revenue increased by 2,843 million dollars.",$1.2 billion,0.0,0.42510808,0
360,Hybrid RRF alpha=0.25,Evolution of EQIX's long-term debt maturity strategy.,"The provided data, which details the maturities of debt instruments by year, allows us to infer several aspects of Equinix, Inc.'s debt management strategy. First, the debt is diversified across maturities rather than being bundled into a short-term or long-term tranche. Approximately 25% of the total long-term debt ($3,520 million out of $13,840 million) is scheduled to mature over the next three years (2024–2026), which suggests that the company may need to focus on refinancing or repaying a substantial portion of its debt in the near term. The remaining debt is spread out over later periods—with about 12% maturing in 2027, roughly 10% in 2028, and the largest portion, around 52%, set to mature thereafter—which indicates a strategy to extend liquidity needs and potentially reduce refinancing risk in the medium to long term.

In summary, the evolving maturity profile reflects a deliberate balancing act: short-term maturities signal near-term liquidity or refinancing requirements, while the extended maturities beyond 2028 provide the company with greater financial flexibility and a lower refinancing burden over time. This structure likely represents a strategic approach to managing interest rate risk, refinancing pressure, and capital allocation, ensuring that the company can manage its obligations efficiently while pursuing growth and investment opportunities.",EQIX’s long-term debt maturity strategy is the following:,0.0639269406392694,0.6529943,0
581,Hybrid RRF alpha=0.25,ODFL's dir. title blends corp. gov. & risk mgmt.,"The document shows a diverse mix of director titles that signal Old Dominion Freight Line’s commitment to robust corporate governance and risk management practices. Key observations include:

1. Executive and Non-Executive Balance: The board includes both executive officers (such as the President/CEO, CFO, and Vice President – Accounting and Finance) and directors. This mix ensures that while management is closely involved in day-to-day operations, independent directors can offer unbiased oversight, helping to check management decisions and align them with shareholder interests.

2. Specialized Expertise: The presence of specific roles—like the Principal Financial Officer and the Vice President – Accounting and Finance—illustrates that the board incorporates financial experts who can provide deep insights into financial reliability, capital allocation, and risk management. This enhances the board’s ability to manage and mitigate financial risks effectively.

3. Experienced Leadership: The Executive Chairman and other directors bring a rich mix of industrial and governance experiences. Their signatures on the document reinforce a commitment from seasoned professionals to maintain transparency, accountability, and rigorous oversight practices.

4. Emphasis on Governance: By clearly delineating roles on the board, the structure supports a system of checks and balances that is fundamental to strong corporate governance. It indicates that responsibilities are well distributed among directors and that there is a clear separation between the oversight functions and the day-to-day management of the company.

Overall, the variety in director titles, combined with the inclusion of both executive and non-executive members, reflects a deliberate governance framework aimed at balancing decision-making, ensuring oversight, and effectively managing corporate risk.",Xylem,0.0,0.03695189,0
798,Hybrid RRF alpha=0.25,LRCX yr NPM restructuring charges impact ana.,"First, we calculate the net profit margin for the current year (year ended June 30, 2024) using the formula Net Income/Revenue. The net income is $3,827,772 and revenue is $14,905,386. Thus:

  Net Profit Margin = 3,827,772 / 14,905,386 ≈ 0.2568 or about 25.7%.

Next, let’s analyze the impact of restructuring charges. The restructuring charges appear in two parts: one included in cost of goods sold and another in operating expenses. Their values are as follows:

• Cost of goods sold restructuring charges:
  2024: $43,375
  2023: $78,166
  2022: — (none)

• Operating expenses restructuring charges:
  2024: $18,187
  2023: $42,150
  2022: — (none)

In total, the restructuring charges were about $61,562 in 2024 versus approximately $120,316 in 2023, and they were absent in 2022. Although the revenue for 2024 ($14.9 billion) is lower than in 2023 (~$17.4 billion) and 2022 (~$17.2 billion), the reduction in restructuring charges in 2024 compared to 2023 helped partly mitigate additional cost pressures. In 2022, without restructuring charges, the net margins were the highest. However, the presence of restructuring costs in both 2023 and 2024 negatively impacted margins. The significant reduction in these charges from 2023 to 2024 (almost halved) indicates that while restructuring expenses continue to weigh on profitability compared to 2022, the lower amount in 2024 helped maintain a net profit margin of about 25.7%, which is only slightly lower than the margins seen in 2023 (around 25.9%) and 2022 (approximately 26.7%).

In summary, the current net profit margin for Lam Research Corporation is about 25.7%, and the lower restructuring charges in 2024 relative to 2023 have eased some margin pressure, though the margins remain affected compared to the restructuring‐charge–free year 2022.",82,0.0,0.08398421,0
863,Hybrid RRF alpha=0.25,"CSGP's deferred rev, contract asset, and liquidity mgt impact.","Deferred revenue and contract asset balances play crucial roles in CoStar Group, Inc.'s liquidity and short-term financial management. Here’s a breakdown:

1. **Deferred Revenue as a Liquidity Indicator:**
   - Deferred revenue represents cash that the company has received in advance from its subscription-based contracts before it has fulfilled its related performance obligations. This upfront cash receipt enhances the company’s short-term liquidity because the cash is already in hand even though the corresponding revenue recognition occurs over the contract period.
   - From a financial management perspective, the presence of a significant deferred revenue balance means that the company has a reliable source of cash inflows, which can be used to meet immediate operational costs and financing needs, thereby reducing short-term liquidity risk.

2. **Contract Assets and Timing Differences:**
   - Contract assets arise when revenue has been recognized for services performed, but the billing process is lagging behind the delivery of services. In essence, these represent amounts that the company expects to bill in the near future once specific conditions are met.
   - This can have mixed implications for liquidity. While it indicates that the company has earned revenue that may quickly convert into cash, delays in billing or collection could temporarily reduce liquidity if the timing difference between work performed and cash received is significant.
   - Managers need to monitor contract asset balances to ensure that the revenue recognized is efficiently transitioned into cash receivables, thus maintaining robust short-term liquidity.

3. **Overall Impact on Short-Term Financial Management:**
   - Both deferred revenue and contract assets are key components in managing working capital. High deferred revenue levels provide operational liquidity, while effective management of contract assets ensures that revenue recognition and cash collection processes remain aligned.
   - The company's processes for revenue recognition, including the handling of subscription-based and transaction-based services, suggest that these balances are closely managed to reduce any potential short-term liquidity strains.
   - Furthermore, a well-managed deferred revenue balance can act as a buffer against short-term cash flow volatility, allowing the company to plan investments and operational expenditures with greater confidence.

In summary, deferred revenue boosts immediate liquidity through pre-received cash funds, while contract assets, if efficiently converted to cash, support short-term financial stability. Both balance sheet items are critical in making informed decisions regarding working capital management and meeting near-term cash flow needs.","$150,000",0.0,-0.005585376,0
1053,Hybrid RRF alpha=0.25,"TI's div increase can impact cap allocation & SH value by reallocating funds from growth to immediate returns, influencing future investment strategies.","The data provided indicates that Texas Instruments increased its dividend payout in 2023 from $4.30 billion in 2022 to $4.56 billion, reflecting an increased dividend rate. This suggests that, as part of its capital allocation strategy, Texas Instruments is committed to returning value directly to shareholders through steady and even growing dividend payments. The increase in dividends, combined with the available liquidity (with $2.96 billion in cash and $5.61 billion in short-term investments), demonstrates that the company is confident in its operational cash flows and financial stability. Moreover, while 2023 saw a significant reduction in share repurchase activity compared to 2022, the enhanced dividend payout indicates a deliberate strategy to prioritize consistent cash returns. This dual approach of managing debt (through issuance and retirement of maturing debt) and increasing dividends underscores the company's focus on prudent capital allocation that balances growth, capital expenditures, and shareholder returns, thereby reinforcing its commitment to generating shareholder value in a sustainable manner.",TI.,0.0,0.0396484,0
1075,Hybrid RRF alpha=0.25,Safety and Productivity Solutions capex trend for risk mgt growth. HON.,"The provided data allows us to track the evolution of capital expenditures in the Safety and Productivity Solutions (SPS) segment over the past three years. In 2021, SPS capital expenditures were $190 million. In 2022, this figure dropped sharply to $50 million—a decline of about 73.7% (a decrease of $140 million). In 2023, expenditures partially rebounded to $106 million, more than doubling the 2022 level by an increase of $56 million (or a 112% increase relative to 2022), though still remaining below the 2021 level.

These fluctuations suggest several potential implications:
• Risk Management: The significant reduction in capex from 2021 to 2022 might indicate a strategic pullback to mitigate risk, perhaps in response to market uncertainties or a reassessment of the economic environment. The moderation in spending could reflect a deliberate move toward greater cost control and risk management.
• Future Growth Potential: The partial rebound in 2023 suggests a renewed confidence in the SPS segment. By increasing capex in this segment, Honeywell may be positioning itself to capture future growth opportunities. The rebound indicates that while the company took a more cautious approach in 2022, it now sees the potential for expansion or modernization in its SPS business.

Overall, these trends highlight a balancing act between risk management and growth acceleration. The previous pullback may have been a protective measure against uncertain market conditions, while the rebound in 2023 suggests that Honeywell believes there are opportunities ahead in the SPS segment that justify increased capital investment.",shale & tight assets in the U.S.,0.015748031496062992,0.20165496,0
1105,Hybrid RRF alpha=0.25,Sara Kelly's share sale under Rule 10b5-1 impacts insider ownership at SBUX.,"The disclosures indicate that Sara Kelly’s Rule 10b5-1 trading plan permits the sale of up to a total of 19,102 shares. This total is derived by summing the individual authorized transactions: 4,859 shares (from the first tranche), plus 6,743 shares (from the second tranche), and 7,500 shares (from the third tranche). In terms of insider ownership, if these shares are sold, they would reduce the percentage of the company’s outstanding shares held by insiders. The exact impact on insider ownership percentages depends on the total number of shares outstanding; however, the sale of up to 19,102 shares would dilute the proportion of shares held by Ms. Kelly (and potentially other insiders) relative to the overall share base. This could affect investor perceptions of insider confidence and have implications for corporate governance.","November 29, 2024",0.0,-0.06142842,0
1403,Hybrid RRF alpha=0.25,VRSN's remaining amt for share repurchase as of 12/31/23.,"The remaining amount available under the repurchase program is approximately $1.12 billion as of December 31, 2023. Here’s the breakdown: 

• The Board authorized, effective July 27, 2023, share repurchases totaling up to $1.50 billion. This total was reached by adding a new authorization of about $1.14 billion to the $356.1 million that was still available from previous authorizations. 

• Since that new authorization, the company has spent a portion of the $1.50 billion on repurchase activities. Specifically, the difference between the total authorized amount ($1.50 billion) and the amount remaining ($1.12 billion) – that is, approximately $380 million – reflects the cost of shares repurchased after the July 27 authorization. 

Thus, by subtracting the funds used in the repurchases (roughly $380 million) from the total program authorization of $1.50 billion, the company arrived at the $1.12 billion remaining available for future share repurchases.",5%,0.0,0.21146029,0
1461,Hybrid RRF alpha=0.25,Impact on competitive positioning and revenue growth from integration of MA broker-dealer + institutional client.,"The integration of broker-dealer and institutional investor clients enhances MarketAxess’s competitive positioning and revenue growth in several key ways:

1. Enhanced Liquidity and Network Effects: By integrating these client groups, MarketAxess creates a more robust trading ecosystem. This broader, interconnected network leads to improved liquidity, which in turn attracts more participants to the platform, facilitating higher trading volumes.

2. Competitive Advantage in Service Offering: The combined presence of both broker-dealer and institutional investors allows MarketAxess to offer a differentiated product range—particularly in fixed-income trading—with features like the proprietary Open Trading functionalities. This integration not only improves the breadth of products and services but also boosts market share against competitors developing similar technologies.

3. Lower Transaction Costs and Greater Efficiency: The integration supports an environment where trading can be executed more efficiently. A consolidated platform that meets the specific needs of both client types can potentially lower overall transaction costs, making the platform more attractive and promoting greater usage.

4. Revenue Growth Through Volume Expansion: Increased liquidity and enhanced trading efficiency typically lead to higher transaction volumes. Since MarketAxess's business model relies heavily on transaction volumes and the associated fees, this integration directly contributes to revenue growth by facilitating more trades across varied products and geographies.

In summary, the strategy of integrating broker-dealer and institutional investor clients helps MarketAxess create a platform that is not only more efficient and liquid but also well-tailored to the needs of the credit markets it serves. This ecosystem approach positions the firm as a leader in innovation while driving growth through increased trading volumes and enhanced economic efficiencies.",institutional investor and institutional investor,0.03676470588235294,0.2859367,0
1538,Hybrid RRF alpha=0.25,Litigation risk comm in risk assessment & cap allocation may affect future growth for ETSY.,"The provided reference only describes the Company's general disclosure regarding litigation risk, noting that the outcome of litigation matters is uncertain and might not have a material adverse effect on its business. It does not, however, offer any discussion or details on how management integrates these litigation risks into its risk assessments or capital allocation decisions, particularly regarding future growth potential. Therefore, the question cannot be fully answered using the given data.",5%,0.0,0.059153873,0
1784,Hybrid RRF alpha=0.25,Analysis of cash investing drivers for EXPE.,"The data indicate that the increase in cash used for investing activities (from $580 million in 2022 to $800 million in 2023) was primarily driven by higher capital expenditures. This suggests that Expedia Group has increased its spending on long-term investments such as infrastructure, technology, and other capital assets. In contrast, the prior year benefited from higher net sales and maturities of investments, which partially offset cash uses. The shift towards greater capital expenditures in 2023 indicates that Expedia Group is focusing on strengthening its operational capabilities and competitive positioning for sustainable long-term growth, investing in assets that support its strategic business objectives rather than relying on short-term cash inflows from investments.",84 million,0.017543859649122806,0.2730134,0
1851,Hybrid RRF alpha=0.25,$QCOM near-term $9.6B obligations liquidity & WC impact.,"The $9.6 billion of purchase obligations due in the next 12 months represents a significant near-term cash outlay that could pressure Qualcomm’s liquidity and working capital management. Specifically, such a large, concentrated payment schedule may lead to the following potential impacts:

1. Liquidity Strain: A substantial amount of cash will be needed in the short term to settle these obligations. This may reduce the company's available cash balance, limiting flexibility in meeting other short-term liabilities, capital expenditures, or strategic investments.

2. Working Capital Challenges: With a large chunk of cash committed to inventory-related purchase obligations, Qualcomm might experience tighter working capital. This could necessitate adjustments in other areas such as managing receivables, optimizing inventory levels, or potentially negotiating extended credit terms with suppliers to smooth cash flow.

3. Need for Enhanced Cash Flow Management: The management might need to prioritize cash generation through operating activities or explore alternative financing options, such as short-term borrowing or adjusting capital expenditures, to bridge any liquidity gaps. This proactive management helps ensure that the obligations do not lead to a liquidity crunch.

4. Risk Mitigation Measures: The concentration of near-term payments might also prompt the company to closely monitor its cash flow forecasts and consider hedging or renegotiating payment terms where possible to mitigate the risk of cash shortfalls, especially in periods of market volatility.

In summary, while the purchase obligations are part of the normal operating cycle tied to inventory commitments, the near-term concentration of $9.6 billion demands diligent cash and working capital management to ensure sufficient liquidity remains available to meet other operational and strategic needs.",232,0.0,0.04268923,0
2144,Hybrid RRF alpha=0.25,Class action false advertising for J.M. Smucker (SJM) impact on financials & market.,"The data provided outlines that the class action lawsuits are based on allegations of false advertising, consumer protection, deceptive trade practices, etc. Although the outcome of these lawsuits remains uncertain and no contingency has been recorded because the likelihood of loss is not considered probable or reasonably estimable at this time, there are potential impacts on both the company’s financial results and market perception. Financially, if the company were to be required to pay significant damages from these lawsuits, it could lead to material adverse effects on its results of operations, cash flows, and overall financial position. Additionally, such outcomes might force the company to allocate capital toward settlements or legal expenses, thereby impacting profitability. In terms of market perception, adverse legal rulings or negative press related to false advertising claims could damage consumer trust and the reputation of the Folgers brand. This, in turn, may result in decreased sales not only in the affected regions but potentially across other markets as well, further impacting the company’s competitive positioning. While no direct calculations are necessary due to the qualitative nature of these potential outcomes, the company’s disclosure indicates that any significant adverse result from these lawsuits could negatively affect both financial performance and consumer confidence.",Defendants are not material to the Company’s consolidated financial statements.,0.07305936073059362,0.3540238,0
2244,Hybrid RRF alpha=0.25,"Insights on legal compliance, HR, and risk mgmt from Cardinal Health execs, ticker at the end.","The listing of specialized executive roles provides a qualitative indication of the company’s approach to risk management and regulatory oversight. For example, the position of Chief Legal and Compliance Officer, held by Jessica L. Mayer, suggests that Cardinal Health places a high priority on staying abreast of legal and regulatory changes, ensuring the company’s policies and practices adhere to industry standards and mitigating legal risks. Similarly, the role of Chief Human Resources Officer, occupied by Ola M. Snow, indicates that the company is focused on managing workforce-related risks, from compliance with employment laws to cultivating a corporate culture that supports broader risk management initiatives. In essence, these specialized roles ensure that there is dedicated leadership responsible for navigating the complexities of regulatory environments and internal compliance, which in turn reinforces Cardinal Health’s overall risk management strategy and its ability to identify and address potential legal and operational issues in a proactive manner.",Global Competitiveness,0.0,0.13239369,0
2342,Hybrid RRF alpha=0.25,Bio-Rad's contingent liabilities from legal proceedings may impact liquidity.,"The reference indicates that the company acknowledges involvement in various litigation-related claims and legal actions, but it does not provide a specific numerical quantification of potential losses or liabilities associated with these matters. Instead, the company discloses these contingent liabilities qualitatively in its financial statement notes. The disclosure explains that, although the outcomes of these legal proceedings are uncertain, the company does not expect any material adverse effect on its overall financial position, liquidity, or results of operations based on current estimates. However, it also notes that the resolution of these matters could have a material impact in any given period, depending on the level of income. Essentially, while the contingent liabilities are recognized and described, they are not quantified with specific amounts. The detailed measurement, if materialized, would be discussed in the notes to the financial statements in accordance with applicable accounting standards.","Corteva is a member of the Separation of Corteva from DuPont, the company is subject to litigation matters and claims.",0.10975609756097562,0.25702488,0
2366,Hybrid RRF alpha=0.25,APH's warranty liabilities could impact future profitability and valuation.,"The data provided explains that warranty liabilities are estimated based on historical experience, product history, and current trends. If product performance issues arise, several effects on future profitability and valuation can be anticipated:

1. Increased Warranty Expense: An increase in warranty claims beyond current estimates would require higher warranty expense accruals. This means that when claims are actually incurred, the company would need to charge additional expenses to cover product failures. This reduces operating margins and net income, thereby negatively impacting profitability.

2. Cash Flow Impacts: Higher warranty expenses might not be immediately visible in cash flow statements if they are accrued as liabilities, but when warranty claims are fulfilled (through repairs, replacements, or credits), the outflow of cash could become more significant. This can negatively affect free cash flow, an important metric for valuation.

3. Potential for Underestimated Liabilities: Should actual warranty claims significantly exceed those estimated using historical data, the company might find that it has under-reserved for these liabilities. The subsequent need to recognize additional expenses could lead to sudden earnings adjustments, potentially eroding investor confidence.

4. Impact on Profit Forecasts and Valuation Multiples: Investors will reassess the risk profile of the company if warranty liabilities are trending higher. A continuing trend or a one-time shock from product performance issues could force analysts to lower future earnings forecasts. The stock might be reassessed relative to risk-adjusted valuation multiples (such as the P/E ratio or EV/EBITDA), which could result in a downward revaluation of the company.

5. Effect on Competitive Positioning: If the root cause is recurrent product performance problems, beyond the immediate financial implications, the company’s brand and competitive positioning might suffer. This could lead to a decline in future sales and an erosion of market share, further impacting long-term profitability and valuation.

In summary, while the company’s warranty liabilities are based on past trends, an unexpected increase in product performance issues or warranty claims could translate into higher warranty expenses, reduced margins, potential cash flow strains, and a greater risk profile—all of which would likely lower profitability forecasts and could lead to a lower overall valuation of the business.","a consolidated financial position, results of operations, or cash flows.",0.02717391304347826,0.18643747,0
2381,Hybrid RRF alpha=0.25,Analysis of AO Smith Corp's NPM from 2021-2023.,"To determine the net profit margin for each year, we divide the Net Earnings by Net Sales and then convert it to a percentage. The formula is:

  Net Profit Margin = (Net Earnings / Net Sales) × 100

Calculations:

• For 2021:
  = (487.1 / 3538.9) × 100 ≈ 13.77%

• For 2022:
  = (235.7 / 3753.9) × 100 ≈ 6.28%

• For 2023:
  = (556.6 / 3852.8) × 100 ≈ 14.44%

Observations:

• In 2021, the net profit margin was approximately 13.77%, indicating that about 13.77 cents of each dollar in sales was converted into net earnings.
• In 2022, the margin dropped significantly to roughly 6.28%, which likely reflects higher expenses or other unusual items (such as a change in tax provision or one‐time items) that affected profitability during that year.
• In 2023, the margin rebounded to around 14.44%, slightly higher than in 2021.

The change in these percentages from 2021 to 2023 suggests that while 2021 was a relatively profitable year, 2022 saw a dip in overall profitability. The recovery in 2023, not only restoring but slightly improving the 2021 levels, indicates that the company managed to overcome the issues in 2022 and return to a strong level of profitability. This change could be due to better cost management, improved operational efficiency, or other strategic initiatives that contributed to higher net earnings relative to sales.",,0.0,0.018471165,0
2514,Hybrid RRF alpha=0.25,Generational workforce ratios and succession strategy for Ameren Corp (AEE).,"Based on the generational percentages provided in the data, we can calculate the ratio of Millennials to Generation X employees in each division as follows:

1. Ameren Corporation overall:
   - Millennials: 41%
   - Generation X: 40%
   - Ratio = 41/40 ≈ 1.03 (Approximately 1.03 Millennials for every Generation X employee.)

2. Ameren Missouri:
   - Millennials: 40%
   - Generation X: 40%
   - Ratio = 40/40 = 1.00 (An even balance between Millennials and Generation X.)

3. Ameren Illinois:
   - Millennials: 42%
   - Generation X: 39%
   - Ratio = 42/39 ≈ 1.08 (About 1.08 Millennials for every Generation X employee.)

4. Ameren Services:
   - Millennials: 39%
   - Generation X: 42%
   - Ratio = 39/42 ≈ 0.93 (Approximately 0.93 Millennials for every Generation X employee.)

Implications for long-term talent development and succession planning:
• In divisions like Ameren Illinois (ratio ~1.08), the slightly higher representation of Millennials suggests that these groups might soon be a dominant part of the workforce. This could require robust leadership development and mentorship programs to prepare them for future management roles.
• In Ameren Missouri, where the ratio is 1.00, balanced strategies that nurture collaboration between experienced Generation X employees and Millennials can facilitate smooth knowledge transfer and succession planning.
• The overall balance at the corporate level (ratio ~1.03) indicates a relatively stable transition, but it still necessitates continuous talent management to progressively shift leadership as Baby Boomers retire and Generation X moves into higher roles.
• In Ameren Services (ratio ~0.93), a small shortfall of Millennials relative to Generation X may indicate a need to enhance recruitment initiatives aimed at younger talent or create development programs to ensure a robust pipeline for future leadership.

These ratios are critical in shaping talent development and succession strategies, ensuring that the organization not only capitalizes on the experience of Generation X but also prepares Millennials to fulfill key roles as part of its long-term planning.",responsibilities to be re-evaluated.,0.012820512820512824,0.13056019,0
2518,Hybrid RRF alpha=0.25,Ameren's (AEE) remediation expense control measures.,"Ameren Corporation is managing its environmental remediation and related liabilities through a series of measures designed to both control costs and lessen their potential negative financial impact. First, the company’s strategy involves planning and executing capital projects—such as the closure of CCR (coal combustion residual) surface impoundments with an expected substantial completion by the end of 2026, as well as the installation of groundwater monitoring and treatment facilities—to manage and contain ongoing CCR management costs. In addition, for its former Manufactured Gas Plant (MGP) sites, where a minimum liability of approximately $51 million has already been recorded, Ameren is actively remediating the majority of the affected sites. The remediation costs are structured to be recoverable through environmental cost riders in its electric and natural gas tariffs. These cost recovery measures are subject to regulatory prudence reviews by bodies like the Illinois Commerce Commission (ICC) and the Missouri Public Service Commission (MoPSC), which helps to shift the financial burden away from the company’s balance sheet over time. Furthermore, the company employs dedicated environmental personnel to ensure compliance with evolving environmental regulations, which aids in anticipating and managing additional remediation and mitigation costs. Lastly, in litigation contexts—such as those related to Clean Air Act enforcement—Ameren has taken steps (for example, seeking modifications of remedy orders and challenging additional mitigation claims) to limit non-recoverable expenses. Together, these measures help the company control environmental remediation expenses and mitigate their impact on overall financial health.",AEE,0.0,0.036221594,0
2553,Hybrid RRF alpha=0.25,Impact of LVS SSP rev allocation on casino wager timing amounts; LVS.,"The key impact is that by allocating revenue based on the stand-alone selling prices, the casino is effectively breaking down a bundled wagering contract into separate performance obligations. In the case of casino wagers that include complimentary products and services:

1. The Company first assigns a portion of the transaction price to the complimentary products and services, based on their individual stand-alone selling prices. This means that a part of what might appear to be casino gaming revenue is, in fact, attributable to the other services.

2. The residual amount—what remains after the allocations—is recognized as casino revenue at the time the wager is settled. This has the effect of reducing the immediate revenue recognized as being directly from gaming activities.

3. In timing terms, revenue recognition is tied to when each performance obligation is fulfilled. For example, while gaming revenue (after allocation) is recognized on settlement of the wager, revenue for complimentary services may be recognized either at the time of service (if delivered by Las Vegas Sands) or recorded differently if supplied by third parties (often as an operating expense or deferred until fulfillment conditions are met).

Overall, this allocation method ensures that revenue is recognized in a manner that accurately reflects the delivery of each service. It both impacts the amount of revenue recorded for casino wagers (by reducing it via the allocation of the complementary items) and impacts the timing, as the complementary products or services might be provided later, leading to deferred revenue recognition for those parts.",revenue from casinos with customers,0.015384615384615385,0.6798495,0
2742,Hybrid RRF alpha=0.25,OP cash flow comparison for 2023 vs 2022 along with efficiency indicators for ServiceNow (SNOW).,"ServiceNow's operating cash flows increased from $2,723 million in 2022 to $3,398 million in 2023. This represents an increase of approximately $675 million, or about 24.8% ((3,398 - 2,723) / 2,723 * 100), year-over-year. This improvement indicates that the company has enhanced its operational efficiency, as it is generating more cash from its core operations. The rise in operating cash flows also reflects positively on the company's financial health by showing a robust ability to fund ongoing operations, service liabilities, and invest in business growth opportunities. In summary, the increase in operating cash flows underscores ServiceNow's strong liquidity position and sound operational performance, contributing to its overall financial stability.",reducing inventory,0.0,0.2029469,0
2815,Hybrid RRF alpha=0.25,"Impact of J cash settlement on liquidity vs prev reserve levels, Ticker.","The settlement had a significant impact on liquidity and capital allocation. Specifically, the cash payment of approximately $475 million (or AUD 640 million) resulted in a sizable outflow that directly reduced the company’s liquid resources. Prior to the settlement, the company had set aside reserves—in its long‐term other deferred liabilities—to cover potential liabilities related to the project. However, the actual settlement not only required the large cash outflow but also necessitated recording additional pre-tax charges of $91.3 million, indicating that the reserves were insufficient compared to the final settlement amount. In short, the company’s capital allocation was forced to shift from an expected, reserved contingency to an actual large disbursement, thereby pressuring liquidity more than initially anticipated.",5.2 billion,0.0,0.13374205,0
2959,Hybrid RRF alpha=0.25,"Filing dated Feb 28, 2024, shows board composition & dir. roles for Devon Energy (DVN).","Based on the provided filing as of February 28, 2024, the board of directors for Devon Energy Corporation consists of the following individuals along with their respective titles/roles:

1. Richard E. Muncrief – President, Chief Executive Officer and Director (Designated as the Principal Executive Officer, indicating his dual role as an executive officer and a member of the board).
2. Barbara M. Baumann – Chair and Director (She serves as the Chair of the Board and is also a board member).
3. John E. Bethancourt – Director.
4. Ann G. Fox – Director.
5. Gennifer F. Kelly – Director.
6. Kelt Kindick – Director.
7. John Krenicki Jr. – Director.
8. Karl F. Kurz – Director.
9. Michael N. Mears – Director.
10. Robert A. Mosbacher, Jr. – Director.
11. Valerie M. Williams – Director.

Note: Although Jeffrey L. Ritenour (Executive Vice President and Chief Financial Officer) and Jeremy D. Humphers (Senior Vice President and Chief Accounting Officer) are signatories on the filing, their titles indicate executive roles rather than board members. The provided data specifically designates the individuals listed above as directors (with their respective roles as Chair, executive director, or simply Director), and these are the persons who comprise the board according to the filing.",VP),0.0,0.1852974,0
3130,Hybrid RRF alpha=0.25,"Calculation of revenue for EPAM delivery pros in 2021, ticker at end.","The total revenue contribution from delivery professionals in 2021, based on the given assumption, can be calculated as follows: 52,600 (delivery professional count in 2021) multiplied by $85,000 (annual revenue per delivery professional) equals $4,471,000,000. In other words, delivery professionals contributed approximately $4.471 billion in revenue in 2021.","59,064",0.0,0.09314313,0
3154,Hybrid RRF alpha=0.25,Cybersecurity governance @ TE Connectivity boosts investor confidence through effective risk mgmt.,"The company’s cybersecurity program governance, as detailed in the provided information, enhances investor confidence in several ways. First, the oversight by an Information Security Committee (ISC), composed of leaders from various key functions including IT, enterprise risk, legal, and finance, ensures that cybersecurity risk is managed in a comprehensive and integrated manner. This cross-functional governance framework provides investors with the assurance that potential cyber risks are continuously monitored, assessed, and addressed through a structured process.

Additionally, the involvement of board members who possess cybersecurity expertise or have received relevant training further strengthens this confidence. Nearly half of the board has direct experience or training in cybersecurity, which signals to investors that the firm is well-equipped to understand and mitigate emerging cyber threats. Regular updates provided by the CISO to both the ISC and the board ensure that cybersecurity risks and related mitigation strategies are given due attention at the highest levels of the organization. This not only reinforces the company’s commitment to robust risk management practices but also underpins the overall financial health by safeguarding critical systems and sensitive information from cyber incidents.

Overall, the governance structure—through diligent oversight, comprehensive risk management practices, and informed board-level engagement—serves as a crucial element in maintaining operational resilience and protecting shareholder value, thereby bolstering investor confidence in the firm's ability to manage its risks and sustain its financial performance.",,0.0,0.005884894,0
3349,Hybrid RRF alpha=0.25,Calculating operating margin for PulteGroup in 2023 highlights operational efficiency.,"To calculate the operating income for 2023, we first subtract the relevant total costs from the total revenue. The total revenue for 2023 is $16,061,578 (in thousands). The costs provided for the calculation include:

• Homebuilding costs: This is the sum of home sale cost of revenues ($11,030,206) and land sale and other cost of revenues ($124,607), giving a total of $11,154,813.
• Financial services expenses: $187,280
• Selling, general, and administrative expenses: $1,312,642

Total costs = $11,154,813 + $187,280 + $1,312,642 = $12,654,735

Operating income = Total revenue – Total costs
= $16,061,578 – $12,654,735
= $3,406,843

Next, we calculate the operating margin:

Operating margin = (Operating income / Total revenue) × 100
= ($3,406,843 / $16,061,578) × 100 ≈ 21.2%

A 21.2% operating margin indicates that PulteGroup, Inc. is effectively managing its costs relative to its revenues, reflecting solid operational efficiency. This level of margin suggests that the company is able to convert a significant portion of its revenue into operating income, which is a positive sign in terms of profitability and overall operational performance.",2% decline in comparable store sales,0.010416666666666668,0.2001113,0
3441,Hybrid RRF alpha=0.25,"Simon PG's impact on rental rates & occupancy is driven by property quality, location, and diversity.","The reference indicates that Simon Property Group’s focus on quality, location, and diversity significantly enhances its ability to command premium rental rates and maintain strong occupancy levels. Specifically, the quality of the properties ensures that they are built and maintained to high standards, appealing to leading retailers looking for premium spaces. Prime locations increase foot traffic and consumer accessibility, making the shopping centers highly attractive to tenants — which, in turn, supports higher rent levels. Additionally, having a diverse portfolio allows Simon to cater to a broader range of retailers and market segments, reducing reliance on any single tenant type or geographic area. This diversification mitigates risk and reinforces the company’s competitive positioning in a market that is challenged by various distribution channels and newer retail formats. Together, these factors create a synergistic effect: high-quality, strategically located, and diverse properties attract and retain tenants willing to pay premium rents, thereby sustaining strong occupancy rates over the long term.",PG&E,0.0,0.115345806,0
3524,Hybrid RRF alpha=0.25,"Obligations of PG&E in the near term vs. long-term timing magnitude, PG&E.","The data clearly allows us to compare near‐term contractual obligations (2024–2028) with long-term obligations summarized under “Thereafter.” In the near term, the annual obligations are as follows (in millions):
• 2024: $3,371
• 2025: $3,187
• 2026: $3,099
• 2027: $2,750
• 2028: $2,552

Summing these gives a total near-term obligation of approximately $14,959 million. In contrast, the long-term (“Thereafter”) obligations amount to $17,186 million. 

Key insights include:
1. Timing: The near-term commitments are due within a clearly defined five-year period and are relatively high on an annual basis, indicating that a significant portion of contractual cash outlays is concentrated early on. The long-term obligations, while slightly higher in total, are spread over an extended period beyond 2028.
2. Magnitude: Although the individual annual amounts in the near term are substantial, the aggregated long-term obligation is even larger. This implies that while immediate cash flow planning must accommodate high yearly payments until 2028, there remains a significant cumulative burden in later years.
3. Contractual Structure: The breakdown by energy type shows that renewable energy commitments dominate the near-term, while the long-term figure aggregates commitments across all types. This might offer insights into the company’s strategic commitments over time and its potential exposure to long-term price or regulatory risks.

Overall, the analysis reveals that while PG&E faces concentrated payment obligations in the near term, its long-term commitments also represent a significant financial liability, albeit diluted over a longer horizon.",PD is a PG&E Corporation.,0.032,0.07011396,0
3528,Hybrid RRF alpha=0.25,The impact of cybersecurity measures on VMC's risk profile and profitability.,"The provided data clearly outlines several proactive cybersecurity measures that can reduce the likelihood of incurring costly cybersecurity incidents, thereby improving the company's overall risk profile and profitability. For example, periodic external penetration tests help identify vulnerabilities before they can be exploited, allowing the company to address and remediate potential security gaps early. Similarly, regular reviews of System and Organization Controls (SOC) reports—SOC 1 or SOC 2—ensure that third-party service providers maintain robust security practices, thus minimizing external risks. 

By mitigating the risk of data breaches and malware attacks, these proactive measures reduce the probability of incurring expensive remediation costs, regulatory fines, legal liabilities, and potential loss of customer trust. Reduced incident frequency and severity translate into lower unplanned expenditures, less disruption to operations, and ultimately, enhanced profitability. In risk management terms, these activities effectively lower the risk exposure and contribution of cybersecurity incidents to the cost structure, serving as a preventative investment that yields long-term benefits. 

While no specific numerical calculations or direct financial metrics are provided in the available data, the qualitative analysis shows that investing in regular external tests and SOC reports is an important component of a holistic cybersecurity strategy that safeguards the company’s financial performance by preemptively addressing potential threats.","unauthorized disclosure, modification, and misuse",0.009345794392523364,0.35179442,0
3666,Hybrid RRF alpha=0.25,"Cash outflow drivers for NI investing activities, milestone pmts & AFS impact; ticker at end.","The significant net cash outflow from investing activities was primarily driven by two key components:

1. Major Capital Investments: The largest cash outflow item was capital expenditures, which amounted to $2,645.8 million. This reflects the company's spending on infrastructure and long-term assets and is the dominant factor in the overall cash outflow.

2. Milestone Payments: The company made milestone and final payments to its renewable generation asset developer totaling $761.4 million. This large payment also played a significant role in driving the net cash outflow.

In addition, transactions related to available-for-sale securities had a smaller impact. Specifically:
- The company recorded purchases of available-for-sale securities of $42.8 million, which decreased cash.
- These purchases were partially offset by sales of available-for-sale securities that brought in $39.9 million. The net effect from these transactions was a relatively minor cash outflow of approximately $2.9 million.

In summary, while capital expenditures and milestone payments were the major contributors to the investing outflow, the available-for-sale securities transactions had a modest net impact. Together, these components led to an overall net cash outflow from investing activities of $3,571.6 million.",NI,0.0,-0.03268404,0
3862,Hybrid RRF alpha=0.25,LUV revised travel trends impact on pax revenue.,"During the pandemic, Southwest Airlines revisited its historical assumptions regarding the redemption of flight credits. Historically, breakage (unused tickets or credits) was estimated based on pre‐pandemic data and redemption rates. However, customer behavior shifts in 2021 and 2022—specifically, a slower rate of redemption for what the company terms “normal” flight credits—led the company to increase its estimates of unused credits. This means that assumptions based solely on historical (pre-COVID) redemption patterns are now being adjusted upward because customers are holding onto their credits longer than expected. In addition, the company’s change in policy in July 2022 to remove expiration dates (initially extended during the pandemic) further alters the dynamic of breakage by potentially lowering the breakage rate relative to extended credits issued earlier. 

The financial implications for future passenger revenue are significant: the revised estimates directly affect the amount of revenue recognized. Since ticket breakage (i.e., the proportion of unused or unredeemed credits) is recognized as revenue after the scheduled flight date has passed, even a one percentage point change in the breakage rate—based on total flight credits issued—could change passenger revenue by approximately $26 million. This sensitivity underscores the importance of accurately forecasting customer travel behavior and shows that changes in the expected breakage rate will directly impact the timing and amount of recognized revenue in the future.",Ticket Breakage,0.017621145374449337,0.4270225,0
3974,Hybrid RRF alpha=0.25,Coca-Cola's (KO) geo capex investment priorities focus on Latin America.,"The data indicates that The Coca-Cola Company is allocating capital expenditures based on strategic priorities and potentially differing market dynamics. In particular, the very low investment percentages in Latin America (0.3% in 2022 and none reported in 2023) suggest that the company may consider the region either as a mature market with established operations needing minimal capital reinvestment or as a lower priority compared to regions like North America and key segments such as Bottling Investments. In contrast, significant portions of CAPEX are directed to North America (22.3% in 2023) and Bottling Investments (45.5% in 2023), highlighting a more aggressive investment focus where growth, modernization, or expansion opportunities are likely seen as more valuable. Essentially, Latin America’s minimal CAPEX share implies tailored investment priorities that are aligned with the specific needs, growth potential, and risk profiles of each geographical area.",2024,0.0,0.14706227,0
4193,Hybrid RRF alpha=0.25,"Impact of WAT inventory & deferred rev on cash ops liquidity, ticker at end.","Increasing inventory levels and growing deferred revenues/customer advances affect cash from operations in distinct ways. Higher inventory levels require cash outlays to purchase and hold more stock, effectively tying up working capital. This can reduce the liquidity available for other operational needs since cash is less readily available for day-to-day operations. On the other hand, increases in deferred revenues and customer advances indicate that the company is receiving cash upfront from customers before providing the related goods or services. This is a source of cash inflow that boosts operating cash flow in the short term, even though it represents a liability (i.e., revenue yet to be earned). Collectively, these factors imply that while Waters Corporation must manage the risk of reduced liquidity due to higher inventory levels, it is mitigating some of that risk by securing advance cash through deferred revenues and customer advances. The company’s liquidity management strategy appears to balance the need to maintain sufficient stock (possibly to address supply chain issues or material cost increases) with leveraging upfront cash from customer contracts that help support operational cash generation.",1.291 billion,0.0,0.059749722,0
4317,Hybrid RRF alpha=0.25,Dec 2023 operating margin for Revvity?,"To calculate the operating margin percentage for Revvity, Inc. as of December 31, 2023, use the formula:

Operating Margin = (Operating Income from Continuing Operations / Total Revenue) * 100

From the data provided:
- Operating Income from Continuing Operations = 300,562 (in thousands)
- Total Revenue = 2,750,571 (in thousands)

Calculation:

Operating Margin = (300,562 / 2,750,571) * 100 ≈ 10.93%

Thus, the operating margin for December 31, 2023 is approximately 10.93%.",4.75%,0.0,0.33874863,0
4505,Hybrid RRF alpha=0.25,FRT's FTE % and labor risk impact analysis.,"As of February 7, 2024, Federal Realty Investment Trust employs 297 full-time and 7 part-time employees, making a total of 304 employees. This means that approximately 97.7% of the workforce is full-time. Having such a high percentage of full-time employees, along with good employee relations and no union representation, may help enhance operational stability and reduce uncertainties related to labor costs and workforce management.",14,0.0,0.07767396,0
4806,Hybrid RRF alpha=0.25,Near-term construction commitments for Realty Income vs. long-term growth strategy and rental mkt positioning.,"The reference indicates that Realty Income is investing in near-term construction projects worth $740.0 million that are set to generate rental revenue from January 2024 through January 2025. This aligns with its long-term growth strategy and competitive positioning in several ways. First, by committing to these construction projects, the company is expanding its portfolio and pipeline of income-producing properties, which supports a steady and growing rental revenue stream over the long run. Second, the near-term nature of these commitments suggests that Realty Income is actively working to replenish and enhance its asset base, ensuring that it can meet future tenant demand and mitigate risks related to portfolio aging. Finally, these investments not only underscore its commitment to growth but also reinforce its competitive positioning by ensuring that its portfolio remains dynamic and attractive in the rental market, allowing it to capitalize on market opportunities as they arise. Although no detailed numerical projections are provided beyond the commitment amounts and timing, the qualitative strategic alignment is clear: by scheduling these new projects to begin generating revenue in the near term, Realty Income is positioning itself to sustain growth, maintain operational resilience, and continue to offer competitive returns to its investors.",131,0.0,0.014891023,0
4929,Hybrid RRF alpha=0.25,Monitoring liquidity & working capital for unbilled rev at CMS Energy.,"The reference provides sufficient detail to assess the impact of a decrease in unbilled revenues on liquidity and working capital management. In this case, unbilled revenues declined from $663 million in 2022 to $494 million in 2023. Unbilled revenues represent the portion of revenue that has been earned (as the service is provided) but not yet billed due to timing differences in the billing cycle. A lower balance generally indicates that a smaller amount of revenue is tied up in this interim stage, which can have several implications:

1. Liquidity Impact: A decrease in unbilled revenues can be positive for short‑term liquidity because less revenue is pending billing and thus less likely to be delayed in conversion to cash. Since unbilled revenues eventually become part of the accounts receivable pool, a decrease might imply that billed revenues and cash collections are occurring more promptly, thereby improving the cash conversion cycle.

2. Working Capital Management: Unbilled revenues are a component of current assets. A smaller balance in unbilled revenue might improve working capital efficiency by reducing the asset balance that is in transition. This reduction could lower the risk of misstatement related to timing and collection, thereby helping management maintain a clearer picture of receivables and available liquidity. However, it is important that the decrease is consistent with operational changes (for example, more rigorous billing processes or shifts in consumption patterns) rather than a sign of declining customer usage.

3. Monitoring by Management: The company’s management monitors unbilled revenues by estimating the amount at each period‑end using an average billed rate applied to the total unbilled deliveries segmented by customer class. This estimation helps reconcile the timing differences due to the billing cycles that do not coincide with the month‑end. Furthermore, management assesses payment trends and historical losses to adjust the allowance for uncollectible accounts, which indirectly monitors the quality of both billed and unbilled revenues. Any changes in these balances are examined in the context of the underlying consumption patterns and rate adjustments set by the regulator (MPSC).

In summary, the decline in unbilled revenues could signal improvements in the cash conversion cycle and more efficient working capital management, provided that it reflects timely billing rather than reduced service consumption. Management actively tracks these metrics by estimating unbilled revenue based on actual delivery data and historical trends, ensuring that the liquidity and working capital positions are maintained in line with regulatory and operational expectations.",CMS Energy,0.0,0.09021768,0
4931,Hybrid RRF alpha=0.25,"When analyzing CMS Energy's investments & postretirement benefits, it's crucial to consider how it balances these against physical assets, ensuring effective capital allocation & robust risk mgmt.","The provided balance sheet data allows us to compare the changes in the company’s non-physical asset categories (investments and postretirement benefits) against the change in its physical assets – namely, the plant, property, and equipment. For example, the net plant, property, and equipment (including construction in progress) increased from $22,713 million in 2022 to $25,072 million in 2023 – an increase of roughly $2,359 million (about 10%). In contrast, the investments account only rose marginally from $71 million to $76 million, while postretirement benefits increased from $1,208 million to $1,468 million (an increase of approximately $260 million, which proportionately is higher than that in the investments element but still small relative to the overall magnitude of physical assets).

This indicates that CMS Energy is allocating a significant portion of its capital towards expanding and modernizing its core physical assets, which aligns with a strategy of deepening its operational capabilities. The relatively modest increases in investments and a cautious, managed rise in postretirement benefits (which are a liability element related to long‑term obligations) suggest that the company is strategically focusing on infrastructure development while still monitoring and preparing for long‑term financial risks. This pattern can be seen as a balanced capitalization approach: aggressive investment in core assets to support operational growth combined with prudent risk management of long‑term liabilities such as pension-related obligations.

Thus, the shifts reflect a clear capital allocation strategy where the emphasis lies on boosting the operational base (physical assets), while also making measured adjustments to cover long‑term benefit obligations, signaling a dual focus on growth and risk mitigation.","cybersecurity, the company must have a cybersecurity program.",0.021505376344086016,0.04952386,0
5079,Hybrid RRF alpha=0.25,Cybersecurity governance risk impact on profitability and credit ratings for DVA (DaVita Inc.).,"The provided information clearly explains that DaVita’s governance structure—including active board oversight and the involvement of committees such as the Audit Committee—plays a significant role in mitigating cybersecurity risks that could otherwise harm profitability and affect credit ratings. Specifically, this structure contributes to risk mitigation in the following ways:

1. Proactive Risk Identification and Assessment: The board and its committees, through regular meetings and oversight of the Enterprise Risk Management (ERM) process, ensure that potential cybersecurity threats are identified, assessed, and prioritized based on probability and impact. This early detection allows for timely interventions that prevent substantial losses or disruptions.

2. Coordinated Cross-Functional Management: The involvement of multiple stakeholders (e.g., IT Security, Legal, Compliance Audit, and Privacy teams) in monitoring cybersecurity risks ensures that comprehensive risk assessments occur. This collaborative approach enhances the integration of diverse expertise into the risk management process, thereby strengthening the company’s defenses against cyber incidents.

3. Robust Internal Controls and Reporting: The regular reporting mechanisms—such as quarterly reports from the ERM team and prompts from technical leads like the CIO, CISO, and CPO—facilitate effective monitoring and rapid response. These controls help contain risks before they escalate into operational disruptions or significant financial losses.

4. Enhanced Investor and Creditor Confidence: Active oversight by the board and specialized committees reassures investors and credit rating agencies that the company has a robust framework to manage cybersecurity risks. This, in turn, helps maintain stable profitability by avoiding large-scale incidents and reduces the probability of adverse events that could trigger downgrades in credit ratings.

5. Efficient Capital Allocation: By mitigating cybersecurity risks through strong governance, the company is less likely to incur unforeseen remediation costs, litigation expenses, or loss of business due to security incidents. This efficiency in risk management supports better capital allocation, reinforcing the company's financial stability and creditworthiness.

Overall, this governance structure not only minimizes the potential negative financial impacts from cybersecurity incidents but also reinforces operational resilience that is critical for maintaining profitability and favorable credit ratings.",CISO,0.005899705014749263,0.21552496,0
5166,Hybrid RRF alpha=0.25,INVH's lack of share repurchase may negatively affect per share perf & valuation.,"The provided information indicates that Invitation Homes Inc. did not engage in any share repurchase activity during the three months ended December 31, 2023. This absence can have several implications for per‐share performance and market valuation. First, without repurchases to reduce the number of shares outstanding, any increase in net earnings will be spread over a larger base of shares, potentially leading to a lower growth rate in earnings per share (EPS) compared to scenarios where repurchases occurred. Second, share buybacks are often viewed by the market as a signal that management believes the stock is undervalued; by not repurchasing shares, the company may miss an opportunity to send a positive signal to investors. Additionally, repurchases can serve as a way to enhance key valuation ratios (such as EPS and return on equity) by reducing the denominator effect. Conversely, the lack of repurchase activity might also suggest that the company is prioritizing other uses of cash—such as reinvestment in business operations, debt reduction, or strategic acquisitions—which could be seen as a more constructive allocation of capital. Overall, while the absence of share repurchases might lead to a slower improvement in per-share metrics and miss an opportunity for positive market signaling, its ultimate impact on market valuation would depend on investor sentiment regarding the firm's overall capital allocation strategy and growth prospects.",repurchase,0.008849557522123894,0.52676415,0
5175,Hybrid RRF alpha=0.25,BR profitability trend: net earnings & EPS evolution 2022-2024.,"Between 2022 and 2024, net earnings increased from $539.1 million in 2022, to $630.6 million in 2023, and reached $698.1 million in 2024. Similarly, basic EPS grew from $4.62 in 2022, to $5.36 in 2023, and then to $5.93 in 2024. This consistent upward trend in both net earnings and EPS suggests that the company has been improving its profitability over the three-year period.",87.6 million,0.030303030303030304,0.32607055,0
5211,Hybrid RRF alpha=0.25,"Forecasts for mitigating cybersecurity risks by Lockheed Martin, ticker LMT.","The provided reference gives a detailed qualitative overview of Lockheed Martin’s cybersecurity risk management practices, including the use of cybersecurity insurance and related risk mitigation strategies. However, it does not provide specific quantitative details or disclose how these strategies are incorporated into the company’s financial forecasts or models to mitigate the potential adverse financial effects from cybersecurity incidents. In other words, while the passage explains that insurance and other risk management processes are part of their overall strategy, explicit forecast adjustments or quantitative factors are not discussed in the provided data.",,0.0,-0.005998807,0
5262,Hybrid RRF alpha=0.25,CI LT debt payment schedule & 12m interest breakdown for ticker.,"The reference states that the total scheduled payments on long-term debt are $44.8 billion, which includes both scheduled interest payments and debt maturities. Out of this, $2.8 billion is expected to be paid within the next twelve months starting January 1, 2024. To calculate the proportion: (2.8 billion / 44.8 billion) × 100 = 6.25%. Therefore, approximately 6.25% of the scheduled long-term debt payments are due in the upcoming year.",84.0,0.0,0.07205793,0
5266,Hybrid RRF alpha=0.25,"Audit & finance committee oversight on cybersecurity impacts investor confidence & valuation, PSX.","The information provided makes it clear that the company has established a robust governance structure for managing cybersecurity risks, which in turn supports investor confidence and bolsters the company's valuation. Specifically, the Audit and Finance Committee plays a crucial role by: 

1. Overseeing the Enterprise Risk Management (ERM) program: The Committee receives detailed reports from the Chief Information Security Officer (CISO) and regularly reviews cybersecurity risk assessments. This ongoing oversight ensures that risks are identified, measured, and effectively managed, thereby reducing the potential for disruptive and costly cybersecurity incidents.

2. Maintaining transparency and robust controls: By ensuring that regular internal audits and independent external reviews are conducted, the Committee guarantees that the company adheres to industry best practices and regulatory requirements. Such transparency in managing cybersecurity risks reassures investors that the company is proactive in addressing potential vulnerabilities.

3. Integrating risk management into strategic decision-making: With the Committee continuously monitoring cybersecurity risks and warning signals through processes like continuous monitoring and the security information and event management (SIEM) system, the company is well-positioned to mitigate risks before they become material. This proactive approach helps in safeguarding the company’s operations, which can prevent negative impacts on its financial performance and valuation.

4. Enhancing overall corporate governance: The role of the Committee in liaising between senior management, the CISO, and the Board of Directors ensures that cybersecurity issues are given appropriate priority at the highest level. This cohesive integration of cybersecurity management into the overall corporate governance framework builds investor trust, as investors see that the company is effectively mitigating risks that could otherwise adversely affect its market position or financial condition.

Collectively, these measures not only secure the company against potential cyber threats but also foster a stable investment environment. By reducing uncertainties associated with cybersecurity risks, the company minimizes risk premiums and discourages potential devaluations, thereby directly supporting the company’s valuation.",if necessary.,0.0,0.051703475,0
5499,Hybrid RRF alpha=0.25,Estimation assumptions for impact of LW ERP lawsuit.,"The provided disclosure offers insight into the company’s approach to evaluating litigation-related financial impacts. In particular, the company assesses any potential loss from litigation (including the securities class action regarding its ERP system) based on two key criteria: (1) whether it is probable that a liability has been incurred, and (2) whether the amount of loss can be reasonably estimated. The company notes that an estimated loss is recognized in the financial statements only when both of these conditions are met. In this case, regarding the lawsuit related to issues with the ERP system, the company believes the lawsuit lacks merit and therefore, it does not currently recognize a liability since the criteria for a “probable” loss and a reasonably estimable amount have not been met. The underlying assumption is that only if the evidence and analysis indicate a high probability of loss that can be quantified would such an amount be recorded. Thus, without further developments that meet these criteria, the potential financial impact remains unrecognized in the current financial statements.",a potential loss,0.03409090909090909,0.37021017,0
