method,query_id,repeat,latency_ms
hybrid,20,0,51.639041979797184
hybrid,74,0,42.63962502591312
dense,92,0,15.112041961401701
dense,37,0,19.617042038589716
dense,83,0,21.608209004625678
bm25,90,0,9.223542059771717
dense,87,0,13.380583957768977
hybrid,95,0,44.61550002451986
bm25,87,0,8.266958058811724
dense,84,0,22.677875007502735
dense,62,0,13.195290928706527
bm25,49,0,12.630291981622577
hybrid,21,0,33.80995895713568
bm25,12,0,3.1880420865491033
dense,82,0,26.697458932176232
bm25,61,0,9.272249997593462
dense,23,0,14.071624958887696
hybrid,57,0,59.674874995835125
hybrid,12,0,22.67512504477054
dense,56,0,15.789875062182546
bm25,28,0,12.70208298228681
hybrid,73,0,38.982124999165535
dense,16,0,15.890457900241017
bm25,31,0,12.406458030454814
dense,45,0,12.572375009767711
dense,42,0,15.429541002959013
hybrid,19,0,50.211042049340904
bm25,92,0,13.957040966488421
bm25,22,0,10.58674999512732
bm25,93,0,14.653332997113466
hybrid,65,0,48.95141697488725
hybrid,41,0,46.160749974660575
dense,74,0,14.492874965071678
bm25,16,0,5.895916023291647
dense,68,0,15.551958000287414
bm25,78,0,28.046834049746394
hybrid,89,0,38.95912505686283
hybrid,63,0,60.90004194993526
hybrid,66,0,95.37395799998194
hybrid,93,0,249.25320805050433
bm25,5,0,52.0263749640435
hybrid,84,0,152.50508289318532
dense,35,0,15.4694999800995
bm25,29,0,8.288125041872263
hybrid,32,0,51.46354204043746
dense,3,0,12.600124930031598
dense,49,0,15.233124955557287
bm25,50,0,11.958832968957722
hybrid,44,0,48.3494580257684
bm25,65,0,14.261499978601933
dense,58,0,15.530082979239523
hybrid,7,0,56.61041697021574
hybrid,83,0,60.10054191574454
bm25,8,0,13.29375000204891
hybrid,79,0,40.128541993908584
bm25,83,0,17.5675000064075
dense,38,0,13.34070903249085
dense,89,0,11.1573749454692
dense,1,0,12.442667037248611
bm25,45,0,10.077249957248569
bm25,99,0,8.233832893893123
hybrid,43,0,46.26995895523578
bm25,74,0,10.034500039182603
dense,21,0,12.352708028629422
bm25,48,0,6.685249973088503
dense,59,0,15.094334026798606
bm25,1,0,10.167583008296788
bm25,95,0,11.73395907972008
dense,67,0,11.737916036508977
dense,39,0,13.353249989449978
dense,75,0,13.755374937318265
dense,72,0,12.55874999333173
dense,33,0,11.99124997947365
bm25,43,0,12.624542112462223
hybrid,61,0,36.438166978769004
bm25,44,0,12.713749893009663
hybrid,60,0,47.255582991056144
bm25,15,0,11.730375001206994
hybrid,67,0,31.873916974291205
dense,61,0,10.800208081491292
bm25,25,0,12.211084016598761
dense,65,0,12.364291935227811
dense,25,0,12.703665997833014
hybrid,17,0,31.56400006264448
bm25,98,0,7.499750005081296
bm25,32,0,12.696541962213814
hybrid,77,0,37.14412497356534
hybrid,70,0,41.61716694943607
bm25,57,0,17.359916935674846
bm25,72,0,6.30225008353591
dense,97,0,14.584249933250248
bm25,69,0,8.418999961577356
hybrid,56,0,41.749666910618544
hybrid,59,0,41.91912501119077
hybrid,42,0,51.73595796804875
dense,19,0,13.341875048354268
hybrid,62,0,41.04304197244346
bm25,14,0,8.623500005342066
hybrid,26,0,59.34616690501571
hybrid,5,0,38.13816700130701
hybrid,18,0,38.23170799296349
dense,50,0,12.292166939005256
bm25,37,0,18.4656250057742
bm25,23,0,10.461084078997374
hybrid,99,0,34.40583299379796
dense,79,0,14.452041941694915
hybrid,29,0,33.34833402186632
hybrid,45,0,38.376874988898635
hybrid,3,0,41.652082931250334
dense,43,0,13.617624994367361
hybrid,49,0,45.400750008411705
hybrid,31,0,51.192125072702765
hybrid,28,0,47.930584056302905
hybrid,33,0,29.05458305031061
hybrid,81,0,86.55329106841236
hybrid,54,0,39.70904205925763
hybrid,90,0,36.80300002451986
bm25,7,0,18.546625040471554
bm25,88,0,6.140874931588769
dense,98,0,13.827166054397821
dense,5,0,12.284917058423162
dense,7,0,15.546125010587275
hybrid,23,0,40.152583038434386
bm25,26,0,17.210416961461306
hybrid,97,0,42.397166951559484
hybrid,15,0,43.14929200336337
bm25,66,0,11.425207951106131
bm25,35,0,9.756874991580844
hybrid,94,0,29.732708004303277
bm25,17,0,6.74087496008724
hybrid,87,0,32.72749995812774
hybrid,39,0,56.97962502017617
hybrid,92,0,53.24691708665341
dense,54,0,13.217999949119985
bm25,39,0,15.934958006255329
bm25,6,0,7.805916015058756
hybrid,78,0,49.14983396884054
hybrid,71,0,40.86558404378593
dense,17,0,11.731958016753197
bm25,70,0,10.737458011135459
dense,69,0,13.475166982971132
hybrid,69,0,37.88812505081296
bm25,71,0,9.88874991890043
hybrid,75,0,32.73483400698751
bm25,40,0,13.52833304554224
hybrid,50,0,43.32054196856916
hybrid,22,0,45.06970790680498
hybrid,35,0,41.14733298774809
dense,6,0,11.575291980989277
dense,93,0,15.269417082890868
bm25,20,0,14.644584036432207
hybrid,40,0,50.90108304284513
bm25,82,0,23.13637500628829
dense,88,0,13.375249924138188
dense,60,0,14.534124988131225
dense,66,0,13.719125068746507
hybrid,25,0,48.54341608006507
bm25,77,0,9.96508402749896
bm25,81,0,5.005249986425042
dense,41,0,16.37066702824086
bm25,97,0,10.743375052697957
bm25,33,0,5.847916007041931
bm25,21,0,6.740125012584031
dense,29,0,13.232166995294392
dense,57,0,14.432542026042938
dense,18,0,11.619374970905483
dense,73,0,13.001790968701243
dense,12,0,12.838541995733976
dense,70,0,15.551374992355704
dense,11,0,13.911833055317402
dense,90,0,12.459290912374854
bm25,94,0,6.897374987602234
hybrid,88,0,32.30695810634643
dense,99,0,13.170834048651159
bm25,79,0,10.00970893073827
dense,95,0,13.880375074222684
bm25,19,0,13.667292078025639
dense,77,0,13.867000001482666
dense,100,0,12.243167031556368
bm25,42,0,16.002999967895448
dense,26,0,17.133041052147746
hybrid,68,0,55.74245797470212
dense,44,0,14.300790964625776
bm25,75,0,7.405665935948491
hybrid,16,0,30.71358404122293
bm25,11,0,13.489041943103075
bm25,56,0,13.30904196947813
bm25,63,0,8.082958054728806
hybrid,48,0,30.241915956139565
dense,81,0,12.826125021092594
hybrid,100,0,41.0145838977769
dense,28,0,15.336291049607098
dense,94,0,15.005416935309768
bm25,3,0,11.39054202940315
bm25,60,0,14.006332959979773
hybrid,82,0,77.17662502545863
hybrid,6,0,35.39262502454221
hybrid,11,0,49.231542041525245
bm25,54,0,10.144541040062904
dense,22,0,13.283708016388118
bm25,89,0,3.249082947149873
dense,78,0,17.280041938647628
dense,48,0,12.174000032246113
dense,31,0,18.34800001233816
bm25,68,0,16.017874935641885
dense,32,0,18.470374983735383
hybrid,1,0,126.81670789606869
dense,20,0,26.82733302935958
dense,14,0,13.709958991967142
bm25,62,0,11.339207994751632
bm25,46,0,12.395541998557746
bm25,59,0,11.016582953743637
hybrid,72,0,29.988583060912788
hybrid,46,0,44.99108297750354
bm25,100,0,9.695832966826856
bm25,73,0,8.40950000565499
dense,8,0,13.332832953892648
bm25,67,0,8.009167038835585
hybrid,8,0,50.88608292862773
hybrid,14,0,36.17041592951864
bm25,18,0,10.132209048606455
bm25,84,0,19.517000066116452
hybrid,98,0,34.45679205469787
hybrid,38,0,35.671208053827286
bm25,27,0,10.91441698372364
bm25,41,0,11.317917029373348
dense,71,0,12.479917029850185
bm25,38,0,8.12787504401058
hybrid,58,0,50.48133397940546
dense,63,0,12.233791057951748
dense,40,0,13.636416057124734
dense,15,0,12.712707975879312
hybrid,37,0,62.2858329443261
dense,27,0,11.841083061881363
hybrid,27,0,41.41004104167223
bm25,58,0,13.82645801641047
hybrid,47,0,41.20583401527256
dense,46,0,13.725709053687751
dense,47,0,13.336417032405734
bm25,47,0,11.40841597225517
dense,60,1,13.295457931235433
hybrid,62,1,41.16675001569092
hybrid,33,1,27.115041040815413
dense,5,1,12.350583099760115
hybrid,68,1,53.14970901235938
bm25,16,1,6.266957963816822
bm25,31,1,11.954208952374756
bm25,78,1,12.117709033191204
bm25,81,1,4.199833027087152
bm25,62,1,10.584125062450767
dense,67,1,12.506166007369757
bm25,12,1,3.2024590764194727
bm25,15,1,10.75666700489819
hybrid,25,1,44.664000044576824
dense,99,1,11.888333014212549
hybrid,95,1,42.89174999576062
dense,57,1,13.057708041742444
dense,63,1,12.266124947927892
bm25,79,1,10.560333030298352
dense,56,1,12.997541925869882
bm25,7,1,15.730250044725835
hybrid,19,1,46.507249935530126
hybrid,73,1,35.019958042539656
dense,92,1,13.979041017591953
hybrid,90,1,36.29504097625613
bm25,43,1,12.59049994405359
bm25,1,1,10.507375001907349
hybrid,3,1,40.68970796652138
dense,45,1,12.28866702876985
dense,39,1,13.608374982140958
dense,27,1,11.431874940171838
dense,41,1,14.124125009402633
hybrid,60,1,48.92916709650308
dense,75,1,12.971916934475303
dense,25,1,12.666875030845404
hybrid,1,1,38.234999985434115
hybrid,14,1,35.20074998959899
bm25,97,1,11.313708033412695
dense,89,1,12.159417034126818
bm25,47,1,11.863083112984896
dense,83,1,17.955166986212134
hybrid,65,1,47.705542063340545
hybrid,94,1,30.008041998371482
hybrid,38,1,35.59933404903859
hybrid,84,1,67.01108301058412
dense,26,1,16.195375006645918
hybrid,83,1,59.49770798906684
dense,12,1,11.950792046263814
dense,88,1,11.769625009037554
hybrid,75,1,30.833791010081768
bm25,67,1,7.375916000455618
bm25,88,1,6.472458015196025
hybrid,89,1,20.25116595905274
hybrid,43,1,46.202083001844585
dense,46,1,12.850666069425642
hybrid,66,1,40.794999920763075
bm25,39,1,15.55566699244082
bm25,94,1,6.1217499896883965
bm25,19,1,12.434541014954448
hybrid,28,1,48.24491695035249
hybrid,82,1,72.55716598592699
dense,8,1,13.4077079128474
dense,78,1,15.846500056795776
dense,1,1,11.36862498242408
dense,16,1,11.918541975319386
bm25,72,1,6.875333026982844
bm25,6,1,7.569833076559007
bm25,61,1,8.80108296405524
hybrid,7,1,55.57320802472532
dense,21,1,12.46441702824086
hybrid,37,1,62.78091704007238
dense,95,1,11.598458979278803
hybrid,74,1,40.74354108888656
bm25,37,1,18.711166107095778
hybrid,100,1,36.98787500616163
bm25,83,1,17.363375052809715
hybrid,45,1,38.38762501254678
bm25,11,1,12.811208027414978
dense,69,1,13.278750004246831
dense,74,1,13.272959040477872
dense,93,1,15.695624984800816
bm25,58,1,13.790707918815315
bm25,46,1,11.775334016419947
dense,66,1,13.42929108068347
hybrid,29,1,32.1211249101907
dense,98,1,12.283832998946309
hybrid,44,1,46.8356249621138
hybrid,39,1,52.24750004708767
bm25,95,1,11.86887500807643
bm25,89,1,3.4172909799963236
bm25,33,1,4.723084042780101
hybrid,41,1,45.60000007040799
bm25,75,1,6.481125019490719
bm25,44,1,12.989957933314145
dense,79,1,13.832874945364892
bm25,57,1,16.980791930109262
hybrid,42,1,52.789209061302245
bm25,92,1,13.890000060200691
dense,35,1,13.264875044114888
hybrid,35,1,45.90379202272743
bm25,99,1,9.203874971717596
bm25,65,1,13.738832902163267
dense,3,1,11.804542038589716
dense,32,1,17.48066593427211
dense,90,1,12.248417013324797
hybrid,70,1,39.515540935099125
hybrid,61,1,35.56729108095169
hybrid,63,1,33.00812502857298
hybrid,97,1,41.27029201481491
bm25,41,1,12.15054199565202
bm25,50,1,10.955333011224866
dense,29,1,12.339125038124621
hybrid,40,1,47.72762500215322
dense,97,1,13.49733304232359
hybrid,46,1,45.35345907788724
bm25,35,1,9.805790963582695
bm25,74,1,10.142875020392239
bm25,42,1,15.005624969489872
hybrid,32,1,49.71025011036545
hybrid,48,1,28.87979196384549
dense,59,1,13.819250045344234
bm25,17,1,7.050790940411389
hybrid,99,1,37.61437500361353
dense,33,1,12.724334024824202
dense,68,1,14.86200001090765
hybrid,67,1,32.51866600476205
hybrid,22,1,42.747374973259866
bm25,20,1,14.544208068400621
hybrid,26,1,59.18237508740276
dense,15,1,11.237083934247494
bm25,21,1,7.537459023296833
bm25,23,1,10.42129099369049
dense,22,1,12.602375005371869
dense,11,1,14.769333065487444
hybrid,87,1,33.56179199181497
hybrid,5,1,38.591249962337315
bm25,27,1,11.113791959360242
dense,77,1,12.19483301974833
dense,44,1,14.039541012607515
bm25,66,1,11.07429200783372
bm25,59,1,10.45091706328094
bm25,45,1,9.466791991144419
dense,47,1,13.538958970457315
bm25,40,1,13.005500077269971
hybrid,69,1,35.34466598648578
hybrid,81,1,26.36420796625316
hybrid,21,1,32.15179196558893
dense,84,1,20.51229204516858
hybrid,12,1,19.913375028409064
hybrid,59,1,41.99891595635563
bm25,28,1,12.883749906904995
hybrid,27,1,41.47483396809548
dense,70,1,12.04937498550862
hybrid,8,1,50.237584044225514
bm25,100,1,9.582917089574039
dense,65,1,12.488999986089766
dense,61,1,11.040874989703298
bm25,56,1,11.642583995126188
dense,54,1,12.660083011724055
dense,82,1,22.682541981339455
hybrid,18,1,38.62604207824916
hybrid,31,1,51.23525008093566
bm25,48,1,6.147624924778938
hybrid,79,1,39.435834041796625
bm25,90,1,9.37004096340388
bm25,60,1,13.24704207945615
hybrid,49,1,45.849834103137255
bm25,14,1,8.539500064216554
bm25,49,1,12.49708398245275
dense,81,1,12.727917055599391
bm25,84,1,19.503792049363256
bm25,5,1,9.279999998398125
dense,18,1,12.503832927905023
dense,20,1,13.63558298908174
bm25,8,1,13.602041988633573
dense,14,1,13.35349993314594
bm25,32,1,12.46958295814693
dense,71,1,12.666542083024979
bm25,70,1,10.2106659905985
dense,48,1,10.835165972821414
bm25,3,1,11.192791047506034
dense,37,1,18.1426249910146
hybrid,17,1,29.859749949537218
hybrid,57,1,56.54670798685402
bm25,26,1,17.25070900283754
hybrid,58,1,49.883415922522545
bm25,73,1,9.190208977088332
dense,23,1,12.406541965901852
dense,28,1,12.866584002040327
bm25,87,1,8.208666928112507
hybrid,16,1,29.316207976080477
hybrid,77,1,38.10716595035046
hybrid,20,1,50.68333295639604
dense,100,1,11.63166610058397
hybrid,11,1,44.67504203785211
bm25,38,1,8.668583002872765
hybrid,78,1,46.3465410284698
bm25,98,1,7.682750001549721
hybrid,93,1,54.63166593108326
dense,40,1,13.50120804272592
bm25,22,1,11.101749958470464
bm25,68,1,15.325916931033134
dense,38,1,11.232374934479594
dense,31,1,16.71329198870808
hybrid,56,1,42.713041068054736
hybrid,6,1,33.623125054873526
bm25,77,1,10.223040939308703
dense,6,1,10.811957996338606
hybrid,54,1,37.262832978740335
dense,50,1,11.844041990116239
hybrid,72,1,29.174166964367032
dense,19,1,13.244000030681491
dense,72,1,11.608541011810303
hybrid,47,1,42.12124994955957
dense,43,1,13.888375018723309
bm25,29,1,7.815499906428158
bm25,54,1,9.065082995221019
hybrid,98,1,34.503665985539556
bm25,82,1,22.340915980748832
bm25,25,1,12.249917024746537
dense,42,1,13.738749898038805
dense,7,1,14.059875044040382
hybrid,88,1,29.347334057092667
hybrid,50,1,42.99370897933841
hybrid,23,1,39.510375005193055
dense,58,1,14.850415987893939
bm25,93,1,15.402541030198336
bm25,71,1,9.020957979373634
dense,94,1,12.562707997858524
bm25,69,1,8.571458980441093
dense,62,1,12.505791033618152
hybrid,15,1,42.09216602612287
bm25,18,1,10.312790982425213
dense,49,1,14.26533400081098
dense,17,1,11.473500053398311
dense,73,1,12.453875038772821
hybrid,92,1,46.643707901239395
bm25,63,1,8.061249973252416
hybrid,71,1,36.559458007104695
dense,87,1,11.046790983527899
bm25,12,2,3.250874928198755
hybrid,40,2,46.43562494311482
dense,49,2,14.082749956287444
bm25,46,2,12.510417029261589
bm25,66,2,10.675125056877732
bm25,81,2,4.408207954838872
bm25,37,2,18.246041960082948
dense,14,2,11.922457953915
hybrid,31,2,49.46300003211945
dense,75,2,12.97095906920731
hybrid,42,2,51.5841250307858
hybrid,60,2,48.431333038024604
hybrid,32,2,51.04570905677974
dense,7,2,14.082708046771586
hybrid,43,2,46.191500034183264
hybrid,37,2,62.086707912385464
dense,15,2,11.010374990291893
bm25,29,2,8.271249942481518
hybrid,82,2,72.64504092745483
dense,41,2,13.945374987088144
hybrid,44,2,47.98150004353374
hybrid,95,2,43.12233405653387
bm25,72,2,6.727125030010939
bm25,49,2,12.047875090502203
dense,88,2,11.652207933366299
dense,37,2,18.250540946610272
bm25,84,2,19.74400004837662
bm25,11,2,12.978082988411188
hybrid,89,2,20.135292084887624
dense,58,2,14.024916919879615
hybrid,97,2,41.674874955788255
bm25,8,2,13.88616708572954
hybrid,35,2,38.698417018167675
hybrid,66,2,39.92450004443526
dense,57,2,13.164457981474698
dense,32,2,17.61829201132059
hybrid,81,2,25.13608301524073
dense,67,2,10.69258397910744
hybrid,45,2,40.80437496304512
bm25,22,2,11.121542076580226
bm25,100,2,9.097874979488552
dense,31,2,16.879625036381185
bm25,88,2,6.591834011487663
dense,16,2,11.50995900388807
dense,11,2,14.266791986301541
dense,93,2,15.55400004144758
dense,61,2,12.756707961671054
dense,6,2,11.591749964281917
bm25,7,2,16.029957914724946
hybrid,58,2,51.12449999433011
bm25,92,2,12.866875040344894
hybrid,69,2,36.0390410060063
dense,23,2,11.7974589811638
bm25,59,2,10.470584034919739
hybrid,12,2,20.475542056374252
bm25,14,2,9.126459015533328
bm25,89,2,2.839916036464274
hybrid,20,2,51.72233399935067
dense,82,2,23.078290978446603
hybrid,46,2,46.23645904939622
bm25,6,2,7.992791011929512
bm25,65,2,13.553209020756185
hybrid,25,2,59.37254196032882
hybrid,87,2,46.20662494562566
bm25,83,2,17.92687503620982
bm25,98,2,7.582916994579136
bm25,90,2,8.691290975548327
dense,66,2,12.786083039827645
dense,3,2,14.597667031921446
hybrid,54,2,44.18454202823341
bm25,15,2,11.538041988387704
bm25,27,2,10.413124924525619
dense,48,2,14.292915933765471
dense,90,2,14.077375060878694
hybrid,78,2,47.89662500843406
bm25,38,2,8.252290892414749
dense,92,2,14.148167101666331
dense,38,2,12.256875052116811
hybrid,8,2,58.24416596442461
hybrid,11,2,52.7327919844538
dense,60,2,15.271374955773354
hybrid,92,2,49.418792012147605
dense,47,2,16.991666983813047
hybrid,62,2,57.395916897803545
hybrid,79,2,40.85470805875957
bm25,43,2,13.609750079922378
hybrid,7,2,59.42012497689575
dense,5,2,12.228333042003214
bm25,35,2,10.235291090793908
bm25,93,2,15.496833017095923
dense,18,2,14.191000023856759
hybrid,5,2,45.12799996882677
bm25,74,2,10.084250010550022
bm25,5,2,12.274208944290876
bm25,33,2,8.035667007789016
hybrid,74,2,46.840625000186265
dense,29,2,13.7157499557361
bm25,48,2,6.255583022721112
dense,12,2,12.91129202581942
bm25,32,2,12.969957897439599
bm25,70,2,10.028374963440001
bm25,41,2,11.422583949752152
dense,21,2,13.384749996475875
hybrid,26,2,60.610500047914684
hybrid,50,2,42.99191595055163
hybrid,99,2,36.095125018619
hybrid,21,2,32.6414160663262
dense,63,2,12.03404099214822
dense,46,2,14.298374997451901
hybrid,57,2,57.148249936290085
bm25,1,2,10.40770800318569
dense,45,2,12.999249971471727
dense,26,2,16.62204193416983
bm25,21,2,7.155457977205515
bm25,20,2,14.320417074486613
bm25,26,2,16.737625002861023
bm25,45,2,9.472792036831379
hybrid,28,2,48.196832998655736
dense,79,2,14.245667029172182
bm25,16,2,6.146207917481661
bm25,3,2,10.695958975702524
bm25,39,2,14.96450009290129
hybrid,14,2,35.75116605497897
bm25,77,2,9.492208948358893
bm25,97,2,11.027291999198496
hybrid,75,2,30.181624926626682
hybrid,70,2,39.861958008259535
dense,83,2,18.60200008377433
hybrid,49,2,47.20229096710682
bm25,50,2,11.61708403378725
bm25,62,2,10.438333032652736
hybrid,6,2,32.97950001433492
hybrid,1,2,38.50987507030368
bm25,69,2,8.315542014315724
hybrid,94,2,29.737541917711496
dense,35,2,13.428249978460371
bm25,82,2,22.080958005972207
hybrid,88,2,30.53658304270357
hybrid,72,2,28.819374972954392
hybrid,39,2,51.397457951679826
bm25,99,2,8.387333014979959
bm25,58,2,13.748834026046097
dense,54,2,12.75991601869464
bm25,40,2,12.746499967761338
hybrid,48,2,27.24637498613447
bm25,18,2,10.497625102289021
hybrid,47,2,42.90529200807214
dense,20,2,15.48404200002551
dense,71,2,12.890708050690591
bm25,54,2,9.225875022821128
dense,73,2,12.261415948159993
hybrid,16,2,29.309583944268525
bm25,67,2,7.4153749737888575
bm25,78,2,11.819042032584548
dense,27,2,12.3495829757303
hybrid,18,2,37.96149999834597
hybrid,27,2,41.08204192016274
dense,44,2,13.40237504336983
dense,72,2,11.639582924544811
dense,50,2,12.708541005849838
dense,1,2,11.964292032644153
bm25,87,2,7.793958066031337
dense,42,2,12.726666987873614
hybrid,98,2,34.67445797286928
dense,78,2,15.221124980598688
hybrid,63,2,32.94345806352794
hybrid,23,2,40.300041902810335
bm25,95,2,12.26125005632639
hybrid,73,2,35.026540979743004
bm25,75,2,6.6665420308709145
dense,89,2,11.785374954342842
bm25,25,2,12.545083998702466
bm25,68,2,15.651708003133535
dense,19,2,13.880708953365684
bm25,56,2,11.505416012369096
bm25,44,2,12.964166002348065
dense,28,2,13.425291981548071
dense,40,2,13.852874981239438
dense,94,2,12.784999911673367
hybrid,83,2,59.506291057914495
hybrid,65,2,49.08754106145352
bm25,63,2,8.129708003252745
hybrid,59,2,41.320999967865646
hybrid,68,2,52.75987496133894
dense,8,2,14.222291996702552
bm25,31,2,13.101999997161329
dense,97,2,14.425250003114343
bm25,79,2,10.020958026871085
bm25,23,2,10.749583947472274
hybrid,17,2,30.86374991107732
dense,56,2,13.334083021618426
hybrid,3,2,41.07933398336172
dense,33,2,12.76454096660018
dense,100,2,12.008249992504716
dense,59,2,12.246166937984526
hybrid,100,2,38.15320902504027
dense,69,2,12.218208983540535
hybrid,77,2,39.601042051799595
hybrid,93,2,55.52841699682176
bm25,71,2,9.438165929168463
dense,62,2,11.710582999512553
hybrid,67,2,30.379457981325686
dense,84,2,21.036957972683012
hybrid,90,2,35.8717089984566
hybrid,71,2,38.09133404865861
hybrid,22,2,41.53637506533414
bm25,19,2,12.882750015705824
hybrid,61,2,34.93254189379513
bm25,28,2,13.18770891521126
bm25,42,2,14.84983297996223
dense,65,2,12.708374997600913
bm25,73,2,8.812040905468166
dense,43,2,13.783874921500683
dense,22,2,12.907000025734305
hybrid,56,2,41.91074997652322
hybrid,38,2,35.71225004270673
bm25,61,2,9.058041963726282
dense,68,2,12.527915998362005
hybrid,41,2,45.46291695442051
hybrid,84,2,67.45604192838073
dense,74,2,12.75258301757276
dense,70,2,12.501124991104007
hybrid,33,2,27.377875056117773
bm25,17,2,6.214292021468282
dense,87,2,12.307791970670223
dense,81,2,11.462833033874631
dense,39,2,12.964417110197246
dense,99,2,12.175457901321352
bm25,94,2,6.322166998870671
dense,25,2,11.819625040516257
bm25,60,2,13.625542051158845
dense,95,2,12.636957922950387
hybrid,15,2,42.43120807223022
hybrid,29,2,32.67016704194248
dense,77,2,11.985084041953087
bm25,57,2,16.985250054858625
dense,17,2,12.467666994780302
dense,98,2,12.632207944989204
hybrid,19,2,46.84700001962483
bm25,47,2,11.722708004526794
